{
  "format_version": "1.8.0",
  "animations": {
    "animation.melonbp_brp.berrrestehpatipum.attack": {
      "animation_length": 1,
      "bones": {
        "left_arm": {
          "rotation": {
            "0.0": [-13.15854, 12.67832, -17.36523],
            "0.3333": [33.28558, 7.30014, -39.50495],
            "0.5833": [32.82944, -9.33106, -14.4443],
            "1.0": [-13.15854, 12.67832, -17.36523]
          },
          "position": {
            "0.0": [0, 0, 0],
            "0.3333": [-1, 1, 0],
            "0.8333": [-1, 1, 0],
            "1.0": [0, 0, 0]
          }
        },
        "right_leg": {
          "rotation": {
            "0.0833": [0, 0, 0],
            "0.3333": [41.31878, 1.1864, 2.98904],
            "0.4583": [-76.48325, 3.16374, 7.97077],
            "0.5417": [-76.48325, 3.16374, 7.97077],
            "0.8333": [0, 0, 0],
            "1.0": [0, 0, 0]
          }
        },
        "left_leg": {
          "rotation": {
            "0.0": [0, 0, 0],
            "0.1667": [0, -17.5, 0],
            "0.375": [0, -17.5, 0],
            "0.4583": [0, 0, 0]
          }
        },
        "right_arm": {
          "rotation": {
            "0.0": [-13.15854, -12.67832, 17.36523],
            "0.3333": [33.28558, -7.30014, 39.50495],
            "0.5833": [32.82944, 9.33106, 14.4443],
            "1.0": [-13.15854, -12.67832, 17.36523]
          },
          "position": {
            "0.0": [0, 0, 0],
            "0.3333": [-1, 1, 0],
            "0.8333": [-1, 1, 0],
            "1.0": [0, 0, 0]
          }
        },
        "torso": {
          "rotation": {
            "0.0": [0, 0, 0],
            "0.25": [37.5, 0, 0],
            "0.3333": [40, 0, 0],
            "0.375": [25, 0, 0],
            "0.4583": [-42.5, 0, 0],
            "1.0": [0, 0, 0]
          }
        },
        "capa": {
          "rotation": {
            "0.0": [0, 0, 0],
            "0.2083": [0, 0, 0],
            "0.5833": [80, 0, 0],
            "1.0": [0, 0, 0]
          }
        },
        "tostada": {
          "rotation": {
            "0.0": [0, 0, 0],
            "0.4583": [50, 0, 0],
            "0.5833": [-43.93, 0, 0],
            "0.75": [0, 0, 0]
          },
          "position": {
            "0.0": [0, 0, 0],
            "0.3333": [0, 0, 0],
            "0.4583": [0, 16, 0],
            "0.6667": [0, 0, 0]
          }
        },
        "tongue": {
          "rotation": {
            "0.0": [0, 0, 0],
            "0.2917": [-60, 0, 0],
            "0.375": [5, 0, 0],
            "0.5417": [-95, 0, 0],
            "1.0": [0, 0, 0]
          }
        },
        "head": {
          "rotation": {
            "0.0": [0, 0, 0],
            "0.1667": [25, 0, 0],
            "0.5": [-17.5, 0, 0],
            "1.0": [0, 0, 0]
          }
        }
      }
    },
    "animation.melonbp_brp.berrrestehpatipum.burst_attack": {
      "animation_length": 4.125,
      "bones": {
        "left_arm": {
          "rotation": {
            "0.0": [-13.15854, 12.67832, -17.36523],
            "0.3333": [33.28558, 7.30014, -39.50495],
            "0.5833": [32.82944, -9.33106, -14.4443],
            "1.0": [-13.15854, 12.67832, -17.36523],
            "1.0417": [-13.15854, 12.67832, -17.36523],
            "1.375": [33.28558, 7.30014, -39.50495],
            "1.625": [32.82944, -9.33106, -14.4443],
            "2.0417": [-13.15854, 12.67832, -17.36523],
            "2.0833": [-13.15854, 12.67832, -17.36523],
            "2.4167": [33.28558, 7.30014, -39.50495],
            "2.6667": [32.82944, -9.33106, -14.4443],
            "3.0833": [-13.15854, 12.67832, -17.36523],
            "3.125": [-13.15854, 12.67832, -17.36523],
            "3.4583": [33.28558, 7.30014, -39.50495],
            "3.7083": [32.82944, -9.33106, -14.4443],
            "4.125": [-13.15854, 12.67832, -17.36523]
          },
          "position": {
            "0.0": [0, 0, 0],
            "0.3333": [-1, 1, 0],
            "0.8333": [-1, 1, 0],
            "1.0": [0, 0, 0],
            "1.0417": [0, 0, 0],
            "1.375": [-1, 1, 0],
            "1.875": [-1, 1, 0],
            "2.0417": [0, 0, 0],
            "2.0833": [0, 0, 0],
            "2.4167": [-1, 1, 0],
            "2.9167": [-1, 1, 0],
            "3.0833": [0, 0, 0],
            "3.125": [0, 0, 0],
            "3.4583": [-1, 1, 0],
            "3.9583": [-1, 1, 0],
            "4.125": [0, 0, 0]
          }
        },
        "right_leg": {
          "rotation": {
            "0.0833": [0, 0, 0],
            "0.3333": [41.31878, 1.1864, 2.98904],
            "0.4583": [-76.48325, 3.16374, 7.97077],
            "0.5417": [-76.48325, 3.16374, 7.97077],
            "0.8333": [0, 0, 0],
            "1.0": [0, 0, 0],
            "1.125": [0, 0, 0],
            "1.375": [41.31878, 1.1864, 2.98904],
            "1.5": [-76.48325, 3.16374, 7.97077],
            "1.5833": [-76.48325, 3.16374, 7.97077],
            "1.875": [0, 0, 0],
            "2.0417": [0, 0, 0],
            "2.1667": [0, 0, 0],
            "2.4167": [41.31878, 1.1864, 2.98904],
            "2.5417": [-76.48325, 3.16374, 7.97077],
            "2.625": [-76.48325, 3.16374, 7.97077],
            "2.9167": [0, 0, 0],
            "3.0833": [0, 0, 0],
            "3.2083": [0, 0, 0],
            "3.4583": [41.31878, 1.1864, 2.98904],
            "3.5833": [-76.48325, 3.16374, 7.97077],
            "3.6667": [-76.48325, 3.16374, 7.97077],
            "3.9583": [0, 0, 0],
            "4.125": [0, 0, 0]
          }
        },
        "left_leg": {
          "rotation": {
            "0.0": [0, 0, 0],
            "0.1667": [0, -17.5, 0],
            "0.375": [0, -17.5, 0],
            "0.4583": [0, 0, 0],
            "1.0417": [0, 0, 0],
            "1.2083": [0, -17.5, 0],
            "1.4167": [0, -17.5, 0],
            "1.5": [0, 0, 0],
            "2.0833": [0, 0, 0],
            "2.25": [0, -17.5, 0],
            "2.4583": [0, -17.5, 0],
            "2.5417": [0, 0, 0],
            "3.125": [0, 0, 0],
            "3.2917": [0, -17.5, 0],
            "3.5": [0, -17.5, 0],
            "3.5833": [0, 0, 0]
          }
        },
        "right_arm": {
          "rotation": {
            "0.0": [-13.15854, -12.67832, 17.36523],
            "0.3333": [33.28558, -7.30014, 39.50495],
            "0.5833": [32.82944, 9.33106, 14.4443],
            "1.0": [-13.15854, -12.67832, 17.36523],
            "1.0417": [-13.15854, -12.67832, 17.36523],
            "1.375": [33.28558, -7.30014, 39.50495],
            "1.625": [32.82944, 9.33106, 14.4443],
            "2.0417": [-13.15854, -12.67832, 17.36523],
            "2.0833": [-13.15854, -12.67832, 17.36523],
            "2.4167": [33.28558, -7.30014, 39.50495],
            "2.6667": [32.82944, 9.33106, 14.4443],
            "3.0833": [-13.15854, -12.67832, 17.36523],
            "3.125": [-13.15854, -12.67832, 17.36523],
            "3.4583": [33.28558, -7.30014, 39.50495],
            "3.7083": [32.82944, 9.33106, 14.4443],
            "4.125": [-13.15854, -12.67832, 17.36523]
          },
          "position": {
            "0.0": [0, 0, 0],
            "0.3333": [-1, 1, 0],
            "0.8333": [-1, 1, 0],
            "1.0": [0, 0, 0],
            "1.0417": [0, 0, 0],
            "1.375": [-1, 1, 0],
            "1.875": [-1, 1, 0],
            "2.0417": [0, 0, 0],
            "2.0833": [0, 0, 0],
            "2.4167": [-1, 1, 0],
            "2.9167": [-1, 1, 0],
            "3.0833": [0, 0, 0],
            "3.125": [0, 0, 0],
            "3.4583": [-1, 1, 0],
            "3.9583": [-1, 1, 0],
            "4.125": [0, 0, 0]
          }
        },
        "torso": {
          "rotation": {
            "0.0": [0, 0, 0],
            "0.25": [37.5, 0, 0],
            "0.3333": [40, 0, 0],
            "0.375": [25, 0, 0],
            "0.4583": [-42.5, 0, 0],
            "1.0": [0, 0, 0],
            "1.0417": [0, 0, 0],
            "1.2917": [37.5, 0, 0],
            "1.375": [40, 0, 0],
            "1.4167": [25, 0, 0],