{
  "format_version": "1.8.0",
  "animations": {
    "animation.melonbp_brp.vacasaturnosaturnita.baby.sit": {
      "loop": true,
      "bones": {
        "all": {
          "position": [0, -6.4, 0]
        },
        "head": {
          "rotation": [0, 0, 0],
          "position": [0, -1.2, 0]
        },
        "right_leg": {
          "position": [-0.9, 5.8, 0]
        },
        "right_foot": {
          "position": [-1.5, 0, 0]
        },
        "left_leg": {
          "position": [0.9, 5.8, 0]
        },
        "left_foot": {
          "position": [1.6, 0, 0]
        }
      }
    },
    "animation.melonbp_brp.vacasaturnosaturnita.baby.walk": {
      "loop": true,
      "animation_length": 1,
      "bones": {
        "torso": {
          "rotation": {
            "0.0": [5, 0, -20],
            "0.25": [-5, 12.5, 0],
            "0.5": [5, 0, 20],
            "0.75": [-5, -12.5, 0],
            "1.0": [5, 0, -20]
          },
          "position": {
            "0.0": [0, -0.5, 0],
            "0.0417": [0, -0.1, 0],
            "0.125": [0, 0.1, 0],
            "0.2083": [0, -0.1, 0],
            "0.25": [0, -0.5, 0],
            "0.3333": [0, -2.9, 0],
            "0.375": [0, -3.4, 0],
            "0.4167": [0, -2.9, 0],
            "0.5": [0, -0.5, 0],
            "0.5417": [0, -0.1, 0],
            "0.625": [0, 0.1, 0],
            "0.7083": [0, -0.1, 0],
            "0.75": [0, -0.5, 0],
            "0.8333": [0, -2.9, 0],
            "0.875": [0, -3.4, 0],
            "0.9167": [0, -2.9, 0],
            "1.0": [0, -0.5, 0]
          }
        },
        "head": {
          "rotation": {
            "0.0": [-5, 0, 20],
            "0.125": [1.30627, -5.66943, 2.40529],
            "0.25": [7.11393, -11.44199, -10.16567],
            "0.375": [1.30627, -5.66943, -17.59471],
            "0.5": [-5, 0, -20],
            "0.625": [1.30627, 5.66943, -2.40529],
            "0.75": [7.11393, 11.44199, 10.16567],
            "0.875": [1.30627, 5.66943, 17.59471],
            "1.0": [-5, 0, 20]
          },
          "position": {
            "0.0": [0, 0, 0],
            "0.125": [0, -0.5, 0],
            "0.25": [-1, 1, 0],
            "0.3333": [-2, 2, 0],
            "0.5": [-1, -1, 0],
            "0.625": [0, -0.5, 0],
            "0.75": [1, 1, 0],
            "0.8333": [1, 2, 0],
            "1.0": [0, 0, 0]
          }
        },
        "bone": {
          "rotation": {
            "0.0": [-5, 0, 20],
            "0.25": [5, -12.5, 0],
            "0.5": [-5, 0, -20],
            "0.75": [5, 12.5, 0],
            "1.0": [-5, 0, 20]
          },
          "position": {
            "0.0": [0, 0, 0],
            "0.125": [-1, -0.7, 0],
            "0.25": [-1, 1, 0],
            "0.3333": [-1, 2.8, 0],
            "0.5": [0, 0, 0],
            "0.625": [1, -0.7, 0],
            "0.75": [1, 1, 0],
            "0.8333": [1, 2.8, 0],
            "1.0": [0, 0, 0]
          }
        },
        "right_leg": {
          "rotation": {
            "0.0": [0, 0, 0],
            "0.25": [67.5, 0, 0],
            "0.375": [85.3347, -16.88547, 15.69284],
            "0.5": [0, 0, 55],
            "0.625": [-51.41024, 17.95504, -0.57235],
            "0.75": [-57.5, 0, 0],
            "0.7917": [-57.5, 0, 0],
            "1.0": [0, 0, 0]
          },
          "position": {
            "0.0": [0, 0, 0],
            "0.25": [0, 0, 1],
            "0.375": [0, 0, 1],
            "0.5": [0, 1, 0],
            "0.625": [0, 0, -1],
            "0.75": [0, 0, -1],
            "0.7917": [0, -2, -1],
            "1.0": [0, 0, 0]
          }
        },
        "right_foot": {
          "rotation": {
            "0.0": [0, 0, 0],
            "0.25": [-32.5, 0, 0],
            "0.375": [5, 0, 0],
            "0.5": [30, 0, 0],
            "0.625": [6.67, 0, 0],
            "0.75": [1.67, 0, 0],
            "0.7917": [1.67, 0, 0],
            "0.875": [35, 0, 0],
            "1.0": [0, 0, 0]
          }
        },
        "left_leg": {
          "rotation": {
            "0.0": [0, 0, -55],
            "0.125": [-51.41024, -17.95504, 0.57235],
            "0.25": [-57.5, 0, 0],
            "0.2917": [-57.5, 0, 0],
            "0.5": [0, 0, 0],
            "0.75": [67.5, 0, 0],
            "0.875": [85.3347, 16.88547, -15.69284],
            "1.0": [0, 0, -55]
          },
          "position": {
            "0.0": [0, 1, 0],
            "0.125": [0, 0, -1],
            "0.25": [0, 0, -1],
            "0.2917": [0, -2, -1],
            "0.5": [0, 0, 0],
            "0.75": [0, 0, 1],
            "0.875": [0, 0, 1],
            "1.0": [0, 1, 0]
          }
        },
        "left_foot": {
          "rotation": {
            "0.0": [30, 0, 0],
            "0.125": [6.67, 0, 0],
            "0.25": [1.67, 0, 0],
            "0.2917": [1.67, 0, 0],
            "0.375": [35, 0, 0],
            "0.5": [0, 0, 0],
            "0.75": [-32.5, 0, 0],
            "0.875": [5, 0, 0],
            "1.0": [30, 0, 0]
          }
        }
      }
    }
  }
}
