{
  "format_version": "1.8.0",
  "animations": {
    "animation.melonbp_brp.ballerinacapuchina.baby.walk": {
      "loop": true,
      "animation_length": 1,
      "anim_time_update": "q.modified_distance_moved * 0.07",
      "bones": {
        "Body": {
          "rotation": {
            "0.0": [0, 0, 7.5],
            "0.125": [3.98483, -0.34834, 4.98788],
            "0.25": [5, 0, 0],
            "0.375": [3.98483, 0.34834, -4.98788],
            "0.5": [0, 0, -7.5],
            "0.625": [3.98483, 0.34834, -4.98788],
            "0.75": [5, 0, 0],
            "0.875": [3.98483, -0.34834, 4.98788],
            "1.0": [0, 0, 7.5]
          },
          "position": {
            "0.0": [0, 0, 0],
            "0.125": [0, -1.5, 0],
            "0.25": [0, -0.2, 0],
            "0.375": [0, 0.3, 0],
            "0.5": [0, 0, 0],
            "0.625": [0, -1.5, 0],
            "0.75": [0, -0.2, 0],
            "0.875": [0, 0.3, 0],
            "1.0": [0, 0, 0]
          },
          "scale": {
            "0.0": [1, 1, 1],
            "0.125": [0.95, 1.05, 0.95],
            "0.25": [1.05, 0.95, 1.05],
            "0.5": [1, 1, 1],
            "0.625": [0.95, 1.05, 0.95],
            "0.75": [1.05, 0.95, 1.05],
            "1.0": [1, 1, 1]
          }
        },
        "Head": {
          "rotation": {
            "0.0": [0, 0, -7.5],
            "0.125": [-2.99715, -0.1308, -2.49658],
            "0.25": [-4.98107, 0.43523, 4.98107],
            "0.375": [-2.97438, 0.3914, 7.48984],
            "0.5": [0, 0, 7.5],
            "0.625": [-2.9886, 0.26135, 4.99318],
            "0.75": [-4.98107, -0.43523, -4.98107],
            "0.875": [-2.97438, -0.3914, -7.48984],
            "1.0": [0, 0, -7.5]
          }
        },
        "arm_r": {
          "rotation": {
            "0.0": [27.5, 0, 0],
            "0.125": [27.29887, -3.45533, 6.66067],
            "0.25": [27.29887, 3.45533, -6.66067],
            "0.375": [27.14233, 4.59902, -8.88927],
            "0.5": [27.5, 0, 0],
            "0.625": [27.29887, -3.45533, 6.66067],
            "0.75": [27.29887, 3.45533, -6.66067],
            "0.875": [27.14233, 4.59902, -8.88927],
            "1.0": [27.5, 0, 0]
          }
        },
        "arm_l": {
          "rotation": {
            "0.0": [27.5, 0, 0],
            "0.125": [26.14552, -0.51155, -7.39963],
            "0.25": [27.29887, -3.45533, 6.66067],
            "0.375": [27.14233, -4.59902, 8.88927],
            "0.5": [27.5, 0, 0],
            "0.625": [26.14552, -0.51155, -7.39963],
            "0.75": [27.29887, -3.45533, 6.66067],
            "0.875": [27.14233, -4.59902, 8.88927],
            "1.0": [27.5, 0, 0]
          }
        },
        "leg_r": {
          "rotation": {
            "0.0": [72.5, 0, 0],
            "0.25": [5, 0, 0],
            "0.5": [0, 0, 0],
            "0.625": [-2.5, 0, 0],
            "0.75": [62.5, 0, 0],
            "1.0": [72.5, 0, 0]
          }
        },
        "leg_l": {
          "rotation": {
            "0.0": [0, 0, 0],
            "0.125": [-2.5, 0, 0],
            "0.25": [62.5, 0, 0],
            "0.5": [72.5, 0, 0],
            "0.75": [5, 0, 0],
            "1.0": [0, 0, 0]
          }
        }
      }
    },
    "animation.melonbp_brp.ballerinacapuchina.baby.sit": {
      "loop": true,
      "bones": {
        "Body": {
          "position": [0, -5, 0]
        },
        "arm_r": {
          "rotation": [48.37345, -73.42403, -69.48523]
        },
        "arm_l": {
          "rotation": [48.37345, 73.42403, 69.48523]
        },
        "leg_r": {
          "rotation": [90, 0, 0],
          "position": [0, -3, -3]
        },
        "leg_l": {
          "rotation": [90, 0, 0],
          "position": [0, -3, -3]
        }
      }
    }
  }
}
