{
	"format_version": "1.8.0",
	"animations": {
		"animation.melonbp_brp.brrbrrpatapin.baby.walk": {
			"loop": true,
			"animation_length": 1,
			"bones": {
				"body": {
					"rotation": {
						"0.0": [0, 0, 0],
						"0.5": [0, 0, 0],
						"1.0": [0, 0, 0]
					},
					"position": {
						"0.0": [0, 0, 0],
						"0.5": [0, 0, 0],
						"1.0": [0, 0, 0]
					}
				},
				"right_leg": {
					"rotation": {
						"0.0": [0, 0, 0],
						"0.25": [35, 0, 0],
						"0.375": [47.5, 0, 0],
						"0.5": [0, 0, 0],
						"0.625": [-40, 0, 0],
						"0.75": [-45, 0, 0],
						"0.7917": [-45, 0, 0],
						"1.0": [0, 0, 0]
					},
					"position": {
						"0.0": [0, 0, 0],
						"0.125": [0, 0, 0],
						"0.25": [0, 0, 0],
						"0.375": [0, 2, -1],
						"0.5": [0, 3, 0],
						"0.625": [0, 2, -1],
						"0.75": [0, 0, -1],
						"0.7917": [0, -3, -1],
						"0.875": [0, -1, -0.5],
						"1.0": [0, 0, 0]
					}
				},
				"left_leg": {
					"rotation": {
						"0.0": [0, 0, 0],
						"0.125": [-40, 0, 0],
						"0.25": [-45, 0, 0],
						"0.2917": [-45, 0, 0],
						"0.5": [0, 0, 0],
						"0.75": [35, 0, 0],
						"0.875": [47.5, 0, 0],
						"1.0": [0, 0, 0]
					},
					"position": {
						"0.0": [0, 3, 0],
						"0.125": [0, 2, -1],
						"0.25": [0, 0, -1],
						"0.2917": [0, -3, -1],
						"0.375": [0, -1, -0.5],
						"0.5": [0, 0, 0],
						"0.625": [0, 0, 0],
						"0.75": [0, 0, 0],
						"0.875": [0, 2, -1],
						"1.0": [0, 3, 0]
					}
				},
				"right_arm": {
					"rotation": {
						"0.0": [-54.88436, 0.36524, 40.70426],
						"0.125": [-60.73438, -8.20525, 53.05536],
						"0.25": [-54.88436, 0.36524, 40.70426],
						"0.5": [29.75235, -15.7627, 19.65736],
						"0.625": [37.25235, -15.7627, 19.65736],
						"0.75": [29.75235, -15.7627, 19.65736],
						"1.0": [-54.88436, 0.36524, 40.70426]
					},
					"position": {
						"0.0": [0, 0, 0],
						"0.125": [0, 0, 0],
						"0.25": [0, 0, 0],
						"0.5": [0, 0, 0],
						"0.625": [0, 0, 0],
						"0.75": [0, 0, 0],
						"1.0": [0, 0, 0]
					}
				},
				"left_arm": {
					"rotation": {
						"0.0": [29.75235, 15.7627, -19.65736],
						"0.125": [37.25235, 15.7627, -19.65736],
						"0.25": [29.75235, 15.7627, -19.65736],
						"0.5": [-54.88436, -0.36524, -40.70426],
						"0.625": [-60.73438, 8.20525, -53.05536],
						"0.75": [-54.88436, -0.36524, -40.70426],
						"1.0": [29.75235, 15.7627, -19.65736]
					},
					"position": {
						"0.0": [0, 0, 0],
						"0.125": [0, 0, 0],
						"0.25": [0, 0, 0],
						"0.5": [0, 0, 0],
						"0.625": [0, 0, 0],
						"0.75": [0, 0, 0],
						"1.0": [0, 0, 0]
					}
				},
				"fluid": {
					"rotation": {
						"0.0": [0, 0, 0],
						"0.25": [0, 0, 0],
						"0.5": [0, 0, 0],
						"1.0": [0, 0, 0]
					},
					"position": {
						"0.0": [0, 0, 0],
						"0.25": [0, 0, 0],
						"0.5": [0, 0, 0],
						"1.0": [0, 0, 0]
					},
					"scale": {
						"0.0": [1, 0.94, 1],
						"0.125": [0.9, 1, 0.9],
						"0.25": [1, 1.03, 1],
						"0.375": [1.02, 0.9, 1.02],
						"0.5": [1, 0.94, 1],
						"0.625": [0.9, 1, 0.9],
						"0.75": [1, 1.03, 1],
						"0.875": [1.02, 0.9, 1.02],
						"1.0": [1, 0.94, 1]
					}
				},
				"straw": {
					"rotation": {
						"0.0": [0, 0, 0],
						"0.125": [-3.88714, 27.24513, -8.44236],
						"0.25": [-14.1614, 37.80946, -22.37174],
						"0.375": [-2.59775, 27.38656, -5.63304],
						"0.5": [0, 0, 0],
						"0.625": [-3.88714, -27.24513, 8.44236],
						"0.75": [-8.29012, -39.27345, 12.96248],
						"0.875": [0, -27.5, 0],
						"1.0": [0, 0, 0]
					},
					"position": {
						"0.0": [0, 0, 0],
						"0.125": [0, 0, 0],
						"0.25": [0, 0, 0],
						"0.375": [0, 0, 0],
						"0.5": [0, 0, 0],
						"0.625": [0, 0, 0],
						"0.75": [0, 0, 0],
						"0.875": [0, 0, 0],
						"1.0": [0, 0, 0]
					}
				},
				"waist": {
					"rotation": {
						"0.0": [-7.47178, -0.65182, -4.95744],
						"0.125": [-4.97154, -0.4995, -4.47122],
						"0.25": [-2.5, 0, 0],
						"0.375": [-4.97154, 0.4995, 4.47122],
						"0.5": [-7.47178, 0.65182, 4.95744],
						"0.625": [-3.72227, 0.456, 4.47453],
						"0.75": [0, 0, 0],
						"0.875": [-3.72227, -0.456, -4.47453],
						"1.0": [-7.47178, -0.65182, -4.95744]
					},
					"position": {
						"0.0": [0, 0, 0],
						"0.0417": [0, -0.23, 0],
						"0.125": [0, 0.5, 0],
						"0.25": [0, 0, 0],
						"0.3333": [0, -1.5, 0],
						"0.4167": [0, -0.15, 0],
						"0.5": [0, 0, 0],
						"0.5417": [0, -0.23, 0],
						"0.625": [0, 0.5, 0],
						"0.75": [0, 0, 0],
						"0.8333": [0, -1.5, 0],
						"0.9167": [0, -0.15, 0],
						"1.0": [0, 0, 0]
					}
				},
				"nose": {
					"position": {
						"0.0": [0, 1, 0],
						"0.125": [0, 0, 0],
						"0.25": [0, 0.2, 0],
						"0.375": [0, 1.6, 0],
						"0.5": [0, 1, 0],
						"0.625": [0, 0, 0],
						"0.75": [0, 0.2, 0],
						"0.875": [0, 1.6, 0],
						"1.0": [0, 1, 0]
					}
				}
			}
		},
		"animation.melonbp_brp.brrbrrpatapin.baby.sit": {
			"loop": true,
			"bones": {
				"body": {
					"position": [0, -11, 0]
				},
				"straw": {
					"rotation": [-72.16914, 39.43994, -80.43899]
				},
				"right_leg": {
					"rotation": [-83.7004, 5.49341, -82.76193],
					"position": [0, 0, -2]
				},
				"left_leg": {
					"rotation": [-19.40454, 15.53708, 83.53339],
					"position": [5, 3, -6]
				},
				"right_arm": {
					"rotation": [70.43162, -26.12797, 8.89674],
					"position": [0, -4, 0]
				},
				"left_arm": {
					"rotation": [57.56424, 30.58184, -17.91705],
					"position": [0, -4, 0]
				},
				"waist": {
					"rotation": [-25, 0, 0]
				},
				"all": {
					"position": [0, -11, 0]
				}
			}
		}
	}
}