{
  "format_version": "1.8.0",
  "animations": {
    "animation.melonbp_brp.burbaloniluliloli.baby.walk": {
      "loop": true,
      "animation_length": 0.3333,
      "bones": {
        "leg_1": {
          "rotation": {
            "0.0": [0, 0, -85],
            "0.0833": [-52.5, -22.5, 5],
            "0.1667": [0, 0, 0],
            "0.25": [72.24687, 9.53274, -3.03513],
            "0.3333": [0, 0, -85]
          }
        },
        "body2": {
          "rotation": {
            "0.0": [0, 0, -7.5],
            "0.0833": [0, 7.5, -1],
            "0.1667": [0, 0, 5.5],
            "0.25": [0, -7.5, -1],
            "0.3333": [0, 0, -7.5]
          },
          "position": {
            "0.0": [0, -0.5, 0],
            "0.0417": [0, 0, 0],
            "0.0833": [0, 0.2, 0],
            "0.125": [0, 0, 0],
            "0.1667": [0, -0.5, 0],
            "0.2083": [0, 0, 0],
            "0.25": [0, 0.2, 0],
            "0.2917": [0, 0, 0],
            "0.3333": [0, -0.5, 0]
          }
        },
        "body": {
          "rotation": {
            "0.0": [0, 0, 0],
            "0.1667": [0, 0, 0],
            "0.3333": [0, 0, 0]
          },
          "scale": 1
        },
        "leg_2": {
          "rotation": {
            "0.0": [0, 0, 0],
            "0.0833": [72.24687, -9.53274, 3.03513],
            "0.1667": [0, 0, 85],
            "0.25": [-52.5, -22.5, -5],
            "0.3333": [0, 0, 0]
          }
        },
        "leg_3": {
          "rotation": {
            "0.0": [72.24687, -9.53274, 3.03513],
            "0.0833": [0, 0, 85],
            "0.1667": [-52.5, -22.5, -5],
            "0.25": [0, 0, 0],
            "0.3333": [72.24687, -9.53274, 3.03513]
          }
        },
        "leg_4": {
          "rotation": {
            "0.0": [-52.5, -22.5, 5],
            "0.0833": [0, 0, 0],
            "0.1667": [72.24687, 9.53274, -3.03513],
            "0.25": [0, 0, -85],
            "0.3333": [-52.5, -22.5, 5]
          }
        },
        "head": {
          "rotation": {
            "0.0": [0, -7.5, 7.5],
            "0.0417": [8.63354, -7.32551, -4.44584],
            "0.0833": [2.26708, -7.15102, -16.39168],
            "0.125": [-6.36646, 0.17449, -10.69584],
            "0.1667": [0, 7.5, -5],
            "0.2083": [8.63354, 7.32551, 6.94584],
            "0.25": [2.26708, 7.15102, 18.89168],
            "0.2917": [-6.36646, -0.17449, 13.19584],
            "0.3333": [0, -7.5, 7.5]
          }
        }
      }
    },
    "animation.melonbp_brp.burbaloniluliloli.baby.sit": {
      "loop": true,
      "bones": {
        "body2": {
          "position": [0, -3, 0]
        },
        "leg_1": {
          "rotation": [-90, -40, 0],
          "position": [1, 0, -1]
        },
        "leg_2": {
          "rotation": [-90, 40, 0],
          "position": [-1, 0, -1]
        },
        "leg_3": {
          "rotation": [40, 0, 90]
        },
        "leg_4": {
          "rotation": [40, 0, -90]
        },
        "head": {
          "position": [0, -2, 4]
        }
      }
    }
  }
}
