{
  "format_version": "1.8.0",
  "animations": {
    "animation.melonbp_brp.cocofantoelefanto.baby.walk": {
      "loop": true,
      "animation_length": 1,
      "bones": {
        "leg_1": {
          "rotation": {
            "0.0": [30, 0, 0],
            "0.125": [-30.15655, 0.35907, -1.90459],
            "0.25": [-42.5, 0, 0],
            "0.2917": [-42.5, 0, 0],
            "0.3333": [-37.5, 0, 0],
            "0.4167": [-0.5, 0, 0],
            "0.5": [0, 0, 0],
            "0.75": [12.5, 0, 0],
            "0.875": [25, 0, 0],
            "1.0": [30, 0, 0]
          },
          "position": {
            "0.0": [0, 2, -1],
            "0.125": [0, 2, -2],
            "0.25": [0, 2, -2],
            "0.2917": [0, -1, -2],
            "0.3333": [0, -0.5, -1],
            "0.4167": [0, 0, -2.2],
            "0.5": [0, 0, 0],
            "0.75": [0, 0, 2],
            "0.875": [0, 1, 0],
            "1.0": [0, 2, -1]
          }
        },
        "leg_2": {
          "rotation": {
            "0.0": [0, 0, 0],
            "0.25": [12.5, 0, 0],
            "0.375": [25, 0, 0],
            "0.5": [30, 0, 0],
            "0.625": [-30.15655, 0.35907, -1.90459],
            "0.75": [-42.5, 0, 0],
            "0.7917": [-42.5, 0, 0],
            "0.8333": [-37.5, 0, 0],
            "0.9167": [-0.5, 0, 0],
            "1.0": [0, 0, 0]
          },
          "position": {
            "0.0": [0, 0, 0],
            "0.25": [0, 0, 2],
            "0.375": [0, 1, 0],
            "0.5": [0, 2, -1],
            "0.625": [0, 2, -2],
            "0.75": [0, 2, -2],
            "0.7917": [0, -1, -2],
            "0.8333": [0, -0.5, -1],
            "0.9167": [0, 0, -2.2],
            "1.0": [0, 0, 0]
          }
        },
        "leg_3": {
          "rotation": {
            "0.0": [12.5, 0, 0],
            "0.125": [25, 0, 0],
            "0.25": [30, 0, 0],
            "0.375": [-30.15655, 0.35907, -1.90459],
            "0.5": [-42.5, 0, 0],
            "0.5417": [-42.5, 0, 0],
            "0.5833": [-37.5, 0, 0],
            "0.6667": [-0.5, 0, 0],
            "0.75": [0, 0, 0],
            "1.0": [12.5, 0, 0]
          },
          "position": {
            "0.0": [0, 0, 2],
            "0.125": [0, 1, 0],
            "0.25": [0, 2, -1],
            "0.375": [0, 2, -2],
            "0.5": [0, 2, -2],
            "0.5417": [0, -1, -2],
            "0.5833": [0, -0.5, -1],
            "0.6667": [0, 0, -2.2],
            "0.75": [0, 0, 0],
            "1.0": [0, 0, 2]
          }
        },
        "leg_4": {
          "rotation": {
            "0.0": [-42.5, 0, 0],
            "0.0417": [-42.5, 0, 0],
            "0.0833": [-37.5, 0, 0],
            "0.1667": [-0.5, 0, 0],
            "0.25": [0, 0, 0],
            "0.5": [12.5, 0, 0],
            "0.625": [25, 0, 0],
            "0.75": [30, 0, 0],
            "0.875": [-30.15655, 0.35907, -1.90459],
            "1.0": [-42.5, 0, 0]
          },
          "position": {
            "0.0": [0, 2, -2],
            "0.0417": [0, -1, -2],
            "0.0833": [0, -0.5, -1],
            "0.1667": [0, 0, -2.2],
            "0.25": [0, 0, 0],
            "0.5": [0, 0, 2],
            "0.625": [0, 1, 0],
            "0.75": [0, 2, -1],
            "0.875": [0, 2, -2],
            "1.0": [0, 2, -2]
          }
        },
        "nose": {
          "rotation": {
            "0.0": [-5, 0, 0],
            "0.125": [0, 0, 0],
            "0.25": [-5, 0, 0],
            "0.375": [-10, 0, 0],
            "0.5": [-5, 0, 0],
            "0.625": [0, 0, 0],
            "0.75": [-5, 0, 0],
            "0.875": [-10, 0, 0],
            "1.0": [-5, 0, 0]
          }
        },
        "waist": {
          "rotation": {
            "0.0": [0, 0, -5],
            "0.125": [-2.49762, -0.10901, -2.49762],
            "0.25": [0, 0, 0],
            "0.375": [2.49762, -0.10901, 2.49762],
            "0.5": [0, 0, 5],
            "0.625": [-2.49762, 0.10901, 2.49762],
            "0.75": [0, 0, 0],
            "0.875": [2.49762, 0.10901, -2.49762],
            "1.0": [0, 0, -5]
          },
          "position": {
            "0.0": [0, -2, 0],
            "0.125": [0, 0, 0],
            "0.25": [0, 0.5, 0],
            "0.375": [0, 0, 0],
            "0.5": [0, -2, 0],
            "0.625": [0, 0, 0],
            "0.75": [0, 0.5, 0],
            "0.875": [0, 0, 0],
            "1.0": [0, -2, 0]
          }
        }
      }
    },
    "animation.melonbp_brp.cocofantoelefanto.baby.sit": {
      "loop": true,
      "bones": {
        "body": {
          "rotation": [-32.5, 0, 0],
          "position": [0, -1, -7]
        },
        "leg_1": {
          "rotation": [68.18587, -5.87674, 18.46587],
          "position": [0, -3, -3]
        },
        "leg_2": {
          "rotation": [52.71806, -4.31225, -20.23667],
          "position": [0, -3, -3]
        },
        "leg_3": {
          "rotation": [-21.30838, 21.63168, 43.3833],
          "position": [-2.2, 0, 0]
        },
        "leg_4": {
          "rotation": [-27.30492, -22.79919, -36.89243],
          "position": [2, 0, 1]
        },
        "ear_r": {
          "rotation": [-17.59771, -21.60324, -27.57964],
          "position": [3, 0, 0]
        },
        "ear_l": {
          "rotation": [-17.59771, 21.60324, 27.57964],
          "position": [-3, 0, 0]
        },
        "waist": {
          "rotation": [17.5, 0, 0],
          "position": [0, -3, -4]
        }
      }
    }
  }
}
