{
	"format_version": "1.8.0",
	"animations": {
		"animation.melonbp_brp.frigocammello.baby.walk": {
			"loop": true,
			"animation_length": 1,
			"bones": {
				"head": {
					"rotation": {
						"0.0": [0, 0, -7.5],
						"0.125": [0, 0, -2.5],
						"0.25": [0, 0, 0],
						"0.2917": [0, 0, -5],
						"0.375": [0, 0, -17.5],
						"0.5": [0, 0, 7.5],
						"0.625": [0, 0, -2.5],
						"0.75": [0, 0, 0],
						"0.7917": [0, 0, 5],
						"0.875": [0, 0, 17.5],
						"1.0": [0, 0, -7.5]
					}
				},
				"leg_l": {
					"rotation": {
						"0.0": [0, 0, 0],
						"0.125": [-52.5, 0, 0],
						"0.25": [-75, 0, 0],
						"0.2917": [-75, 0, 0],
						"0.3333": [0, 0, 0],
						"0.5": [0, 0, 0],
						"0.75": [0, 0, 0],
						"0.875": [12.5, 0, 0],
						"1.0": [0, 0, 0]
					},
					"position": {
						"0.0": [0, 3, 0],
						"0.125": [0, 0, -3],
						"0.25": [0, 0, -3],
						"0.2917": [0, -3, -3],
						"0.3333": [0, -2, -4],
						"0.4167": [0, -0.6, -2.5],
						"0.5": [0, 0, 0],
						"0.75": [0, 0, 4],
						"1.0": [0, 3, 0]
					},
					"scale": {
						"0.0": [1, 1, 1],
						"0.125": [1, 1, 1],
						"0.25": [1, 1, 1],
						"0.2917": [1, 1, 1],
						"0.3333": [1.4, 0.8, 1.4],
						"0.4167": [1.1, 0.9, 1.1],
						"0.5": [1, 1, 1],
						"0.75": [1, 1, 1],
						"0.875": [0.8, 1.2, 0.8],
						"1.0": [1, 1, 1]
					}
				},
				"leg_r": {
					"rotation": {
						"0.0": [0, 0, 0],
						"0.25": [0, 0, 0],
						"0.375": [12.5, 0, 0],
						"0.5": [0, 0, 0],
						"0.625": [-52.5, 0, 0],
						"0.75": [-75, 0, 0],
						"0.7917": [-75, 0, 0],
						"0.8333": [0, 0, 0],
						"1.0": [0, 0, 0]
					},
					"position": {
						"0.0": [0, 0, 0],
						"0.25": [0, 0, 4],
						"0.5": [0, 3, 0],
						"0.625": [0, 0, -3],
						"0.75": [0, 0, -3],
						"0.7917": [0, -3, -3],
						"0.8333": [0, -2, -4],
						"0.9167": [0, -0.6, -2.5],
						"1.0": [0, 0, 0]
					},
					"scale": {
						"0.0": [1, 1, 1],
						"0.25": [1, 1, 1],
						"0.375": [0.8, 1.2, 0.8],
						"0.5": [1, 1, 1],
						"0.625": [1, 1, 1],
						"0.75": [1, 1, 1],
						"0.7917": [1, 1, 1],
						"0.8333": [1.4, 0.8, 1.4],
						"0.9167": [1.1, 0.9, 1.1],
						"1.0": [1, 1, 1]
					}
				},
				"tail": {
					"rotation": {
						"0.0": [-10, 0, 10],
						"0.125": [-5, 0, 5],
						"0.25": [0, 0, 0],
						"0.3333": [32.5, 0, -3.33333],
						"0.4167": [-3.75, 0, -6.66667],
						"0.5": [-10, 0, -10],
						"0.625": [-5, 0, -5],
						"0.75": [0, 0, 0],
						"0.8333": [32.5, 0, 3.33333],
						"0.9167": [-3.75, 0, 6.66667],
						"1.0": [-10, 0, 10]
					}
				},
				"fridge": {
					"rotation": {
						"0.0": [0, 0, -5],
						"0.125": [-0.10912, 2.49762, -2.50238],
						"0.25": [0, 5, 0],
						"0.3333": [0.36317, 3.31271, 6.67664],
						"0.375": [0.32652, 2.4786, 7.50706],
						"0.4167": [0.28957, 1.64133, 9.17238],
						"0.5": [0, 0, 5],
						"0.625": [-0.10912, -2.49762, 2.50238],
						"0.75": [0, -5, 0],
						"0.8333": [0.36317, -3.31271, -6.67664],
						"0.875": [0.32652, -2.4786, -7.50706],
						"0.9167": [0.28957, -1.64133, -9.17238],
						"1.0": [0, 0, -5]
					},
					"position": {
						"0.0": [0, 0, 0],
						"0.125": [0, 0.5, 0],
						"0.25": [0, 0, 0],
						"0.2917": [0, -2, 0],
						"0.375": [0, -2.5, 0],
						"0.5": [0, 0, 0],
						"0.625": [0, 0.5, 0],
						"0.75": [0, 0, 0],
						"0.7917": [0, -2, 0],
						"0.875": [0, -2.5, 0],
						"1.0": [0, 0, 0]
					}
				}
			}
		},
		"animation.melonbp_brp.frigocammello.baby.sit": {
			"loop": true,
			"bones": {
				"leg_l": {
					"position": [5, 5, 0],
					"scale": [1.6, 0.8, 1.3]
				},
				"leg_r": {
					"position": [-5, 5, 0],
					"scale": [1.6, 0.8, 1.3]
				},
				"fridge": {
					"position": [0, -5, 0]
				},
				"body": {
					"position": [0, -8, 0]
				}
			}
		}
	}
}