{
  "format_version": "1.8.0",
  "animations": {
    "animation.melonbp_brp.karkerkarkurkur.baby.walk": {
      "loop": true,
      "animation_length": 0.6667,
      "bones": {
        "body": {
          "rotation": {
            "0.0": [-4.98107, 0.43523, 4.98107],
            "0.0833": [4.95744, 0.65182, -7.47178],
            "0.1667": [0, 0, -10],
            "0.25": [-4.95744, -0.65182, -7.47178],
            "0.3333": [-4.98107, -0.43523, -4.98107],
            "0.4167": [4.95744, -0.65182, 7.47178],
            "0.5": [0, 0, 10],
            "0.5833": [-4.95744, 0.65182, 7.47178],
            "0.6667": [-4.98107, 0.43523, 4.98107]
          },
          "position": {
            "0.0": [0, -1.5, 0],
            "0.0833": [0, 3, 0],
            "0.1667": [0, 3.5, 0],
            "0.2917": [0, 3, 0],
            "0.3333": [0, -1, 0],
            "0.4167": [0, 3, 0],
            "0.5": [0, 3.5, 0],
            "0.625": [0, 3, 0],
            "0.6667": [0, -1, 0]
          }
        },
        "leg_1": {
          "rotation": {
            "0.0": [30, 0, 0],
            "0.0417": [-40, 0, 0],
            "0.0833": [-27.5, 0, 0],
            "0.125": [-30, 0, 0],
            "0.1667": [-30, 0, 0],
            "0.3333": [-30, 0, 0],
            "0.375": [35, 0, 0],
            "0.4167": [27.5, 0, 0],
            "0.4583": [30, 0, 0],
            "0.5": [30, 0, 0],
            "0.6667": [30, 0, 0]
          }
        },
        "leg_2": {
          "rotation": {
            "0.0": [-30, 0, 0],
            "0.0417": [35, 0, 0],
            "0.0833": [27.5, 0, 0],
            "0.125": [30, 0, 0],
            "0.1667": [30, 0, 0],
            "0.3333": [30, 0, 0],
            "0.375": [-40, 0, 0],
            "0.4167": [-27.5, 0, 0],
            "0.4583": [-30, 0, 0],
            "0.5": [-30, 0, 0],
            "0.6667": [-30, 0, 0]
          }
        },
        "leg_3": {
          "rotation": {
            "0.0": [30, 0, 0],
            "0.0417": [-40, 0, 0],
            "0.0833": [-27.5, 0, 0],
            "0.125": [-30, 0, 0],
            "0.1667": [-30, 0, 0],
            "0.3333": [-30, 0, 0],
            "0.375": [35, 0, 0],
            "0.4167": [27.5, 0, 0],
            "0.4583": [30, 0, 0],
            "0.5": [30, 0, 0],
            "0.6667": [30, 0, 0]
          }
        },
        "leg_4": {
          "rotation": {
            "0.0": [-30, 0, 0],
            "0.0417": [35, 0, 0],
            "0.0833": [27.5, 0, 0],
            "0.125": [30, 0, 0],
            "0.1667": [30, 0, 0],
            "0.3333": [30, 0, 0],
            "0.375": [-40, 0, 0],
            "0.4167": [-27.5, 0, 0],
            "0.4583": [-30, 0, 0],
            "0.5": [-30, 0, 0],
            "0.6667": [-30, 0, 0]
          }
        }
      }
    },
    "animation.melonbp_brp.karkerkarkurkur.baby.sit": {
      "loop": true,
      "bones": {
        "body": {
          "position": [0, -6, 0]
        },
        "leg_1": {
          "rotation": [0, 40, 0],
          "position": [0, 1, 0],
          "scale": [1, 0.6, 1]
        },
        "leg_2": {
          "rotation": [0, -40, 0],
          "position": [0, 1, 0],
          "scale": [1, 0.6, 1]
        },
        "leg_3": {
          "rotation": [0, 57.5, 0],
          "position": [0, 1, 0],
          "scale": [1, 0.6, 1]
        },
        "leg_4": {
          "rotation": [0, -57.5, 0],
          "position": [0, 1, 0],
          "scale": [1, 0.6, 1]
        }
      }
    }
  }
}
