{
  "format_version": "1.8.0",
  "animations": {
    "animation.melonbp_brp.ocaleroorcala.baby.walk": {
      "loop": true,
      "animation_length": 0.5952,
      "bones": {
        "torso": {
          "rotation": {
            "0.0": [0, 5, 0],
            "0.1751": [0, 0, 0],
            "0.2801": [0, -5, 0],
            "0.4552": [0, 0, 0],
            "0.5952": [0, 5, 0]
          },
          "position": {
            "0.0": [0, 0, 0],
            "0.035": [0, -1.14, 0],
            "0.07": [0, 0, 0],
            "0.1751": [0, 1, 0],
            "0.2801": [0, 0, 0],
            "0.3151": [0, -1.14, 0],
            "0.3501": [0, 0, 0],
            "0.4552": [0, 1, 0],
            "0.5952": [0, 0, 0]
          }
        },
        "arm2": {
          "rotation": {
            "0.0": [0, 0, 10],
            "0.2801": [0, 0, -17.5],
            "0.5952": [0, 0, 10]
          }
        },
        "arm": {
          "rotation": {
            "0.0": [0, 0, -17.5],
            "0.2801": [0, 0, 10],
            "0.5952": [0, 0, -17.5]
          }
        },
        "head": {
          "rotation": {
            "0.0": [0, 0, 0],
            "0.07": [4.02511, -1.37954, -2.08512],
            "0.1401": [5, 0, 0],
            "0.2101": [0, 0, 2.5],
            "0.2801": [0, 0, 0],
            "0.3852": [4.02511, 1.37954, 2.08512],
            "0.4552": [5, 0, 0],
            "0.5252": [0, 0, -2.5],
            "0.5952": [0, 0, 0]
          }
        },
        "tail": {
          "rotation": {
            "0.0": [0, 0, -7.5],
            "0.1751": [0, 12.5, 0],
            "0.2801": [0, 0, 7.5],
            "0.4552": [0, -12.5, 0],
            "0.5952": [0, 0, -7.5]
          }
        },
        "leg": {
          "rotation": {
            "0.0": [10, -10, 0],
            "0.07": [23.0144, -10, 0],
            "0.1751": [0, -10, 0],
            "0.2101": [-18.0394, -10, 0],
            "0.3151": [-10, -10, 0],
            "0.4552": [0, -10, 0],
            "0.5952": [10, -10, 0]
          },
          "position": {
            "0.0": [-0.25, 1, 1],
            "0.1751": [-1, 4, 0],
            "0.3151": [0, 0, -4],
            "0.4552": [0, 0, 0],
            "0.5952": [-0.25, 1, 1]
          }
        },
        "leg2": {
          "rotation": {
            "0.0": [-10, 10, 0],
            "0.1751": [0, 10, 0],
            "0.3151": [10, 10, 0],
            "0.3852": [23.0144, 10, 0],
            "0.4552": [0, 10, 0],
            "0.5252": [-18.0394, 10, 0],
            "0.5952": [-10, 10, 0]
          },
          "position": {
            "0.0": [0, 0, -4],
            "0.1751": [0.25, 0, 0],
            "0.3151": [0.8, 1, 1],
            "0.4552": [0.6, 4, 0],
            "0.5952": [0, 0, -4]
          }
        },
        "tail2": {
          "rotation": {
            "0.0": [0, -17.5, 0],
            "0.1751": [0, 0, 0],
            "0.2801": [0, 17.5, 0],
            "0.4552": [0, 0, 0],
            "0.5952": [0, -17.5, 0]
          }
        },
        "happy": {
          "position": [0, -100000, 0],
          "scale": 0
        }
      }
    },
    "animation.melonbp_brp.ocaleroorcala.baby.idle": {
      "loop": true,
      "animation_length": 4,
      "bones": {
        "tail": {
          "rotation": {
            "0.0": {
              "post": [0, 0, 0],
              "lerp_mode": "catmullrom"
            },
            "1.0": {
              "post": [-2.5, 0, 0],
              "lerp_mode": "catmullrom"
            },
            "2.0": {
              "post": [0, 0, 0],
              "lerp_mode": "catmullrom"
            },
            "3.0": {
              "post": [-2.5, 0, 0],
              "lerp_mode": "catmullrom"
            },
            "4.0": {
              "post": [0, 0, 0],
              "lerp_mode": "catmullrom"
            }
          }
        },
        "head": {
          "rotation": {
            "0.0": {
              "post": [0, 0, 0],
              "lerp_mode": "catmullrom"
            },
            "0.5": {
              "post": [-2.6, 0, 0],
              "lerp_mode": "catmullrom"
            },
            "1.0": {
              "post": [-2.5, 0, 0],
              "lerp_mode": "catmullrom"
            },
            "1.5": {
              "post": [0.6, 0, 0],
              "lerp_mode": "catmullrom"
            },
            "2.0": {
              "post": [0, 0, 0],
              "lerp_mode": "catmullrom"
            },
            "2.5": {
              "post": [-2.6, 0, 0],
              "lerp_mode": "catmullrom"
            },
            "3.0": {
              "post": [-2.5, 0, 0],
              "lerp_mode": "catmullrom"
            },
            "3.5": {
              "post": [0.6, 0, 0],
              "lerp_mode": "catmullrom"
            },
            "4.0": {
              "post": [0, 0, 0],
              "lerp_mode": "catmullrom"
            }
          }
        },
        "arm": {
          "rotation": {
            "0.0": [0, 0, 0],
            "0.9583": [0, 0, -12.5],
            "2.0": [0, 0, 0],
            "3.0": [0, 0, -12.5],
            "4.0": [0, 0, 0]
          }
        },
        "arm2": {
          "rotation": {
            "0.0": [0, 0, 0],
            "0.9583": [0, 0, 12.5],
            "2.0": [0, 0, 0],
            "3.0": [0, 0, 12.5],
            "4.0": [0, 0, 0]
          }
        },
        "torso": {
          "position": {
            "0.0": {
              "post": [0, 0, 0],
              "lerp_mode": "catmullrom"
            },
            "1.0": {
              "post": [0, -1, 0],
              "lerp_mode": "catmullrom"
            },
            "2.0": {
              "post": [0, 0, 0],
              "lerp_mode": "catmullrom"
            },
            "3.0": {
              "post": [0, -1, 0],
              "lerp_mode": "catmullrom"
            },
            "4.0": {
              "post": [0, 0, 0],
              "lerp_mode": "catmullrom"
            }
          }
        },
        "tail2": {
          "rotation": {
            "0.0": {
              "post": [0, 0, 0],
              "lerp_mode": "catmullrom"
            },
            "0.5": {
              "post": [2.5, 0, 0],
              "lerp_mode": "catmullrom"
            },
            "1.0": {
              "post": [0, 0, 0],
              "lerp_mode": "catmullrom"
            },
            "1.5": {
              "post": [-2.5, 0, 0],
              "lerp_mode": "catmullrom"
            },
            "2.0": {
              "post": [0, 0, 0],
              "lerp_mode": "catmullrom"
            },
            "2.5": {
              "post": [2.5, 0, 0],
              "lerp_mode": "catmullrom"
            },
            "3.0": {
              "post": [0, 0, 0],
              "lerp_mode": "catmullrom"
            },
            "3.5": {
              "post": [-2.5, 0, 0],
              "lerp_mode": "catmullrom"
            },
            "4.0": {
              "post": [0, 0, 0],
              "lerp_mode": "catmullrom"
            }
          }
        },
        "happy": {
          "position": [0, 0, -1],
          "scale": 1
        }
      }
    },
    "animation.melonbp_brp.ocaleroorcala.baby.attack": {
      "animation_length": 0.75,
      "bones": {
        "torso": {
          "rotation": {
            "0.0": [0, 0, 0],
            "0.2083": [-7.5, 0, 0],
            "0.375": [2.5, 0, 0],
            "0.5417": [4.99, 0, 0],
            "0.7083": [0, 0, 0]
          }
        },
        "arm2": {
          "rotation": {
            "0.0": [0, 0, 0],
            "0.25": [0, 0, -32.5],
            "0.4167": [0, 0, 0]
          }
        },
        "arm": {
          "rotation": {
            "0.0": [0, 0, 0],
            "0.25": [0, 0, 32.5],
            "0.4167": [0, 0, 0]
          }
        },
        "tail": {
          "rotation": {
            "0.0": [0, 0, 0],
            "0.0833": [5, 0, 0],
            "0.2083": [0, 0, 0],
            "0.375": [-5, 0, 0],
            "0.5417": [0, 0, 0],