{
  "format_version": "1.8.0",
  "animations": {
    "animation.melonbp_brp.orangutiniananasini.baby.walk": {
      "loop": true,
      "animation_length": 0.6667,
      "bones": {
        "head": {
          "rotation": {
            "0.0": [0, 0, 7.5],
            "0.0833": [-2.5, 5, 5],
            "0.1667": [-5, 7.5, 0],
            "0.25": [-2.5, 5, -5],
            "0.3333": [0, 0, -7.5],
            "0.4167": [-2.5, -5, -5],
            "0.5": [-5, -7.5, 0],
            "0.5833": [-2.5, -5, 5],
            "0.6667": [0, 0, 7.5]
          }
        },
        "arm_r": {
          "rotation": {
            "0.0": [-32.5, 0, 42.5],
            "0.0833": [-40, 0, 42.5],
            "0.1667": [-32.5, 0, 42.5],
            "0.3333": [7.5, 0, 42.5],
            "0.4167": [12.5, 0, 42.5],
            "0.5": [7.5, 0, 42.5],
            "0.6667": [-32.5, 0, 42.5]
          },
          "position": [0, 0, 0]
        },
        "arm_l": {
          "rotation": {
            "0.0": [7.5, 0, -42.5],
            "0.0833": [12.5, 0, -42.5],
            "0.1667": [7.5, 0, -42.5],
            "0.3333": [-32.5, 0, -42.5],
            "0.4167": [-40, 0, -42.5],
            "0.5": [-32.5, 0, -42.5],
            "0.6667": [7.5, 0, -42.5]
          }
        },
        "leap": {
          "rotation": {
            "0.0": [7.5, 0, 0],
            "0.0833": [0.01893, -0.43523, -4.98107],
            "0.1667": [-7.43656, -0.9762, -7.43656],
            "0.25": [-0.01893, 0.43523, -4.98107],
            "0.3333": [7.5, 0, 0],
            "0.4167": [0.01893, 0.43523, 4.98107],
            "0.5": [-7.43656, 0.9762, 7.43656],
            "0.5833": [-0.01893, -0.43523, 4.98107],
            "0.6667": [7.5, 0, 0]
          }
        },
        "body": {
          "rotation": {
            "0.0": [2.5, 0, -7.5],
            "0.0833": [7.5, -5, -5],
            "0.1667": [12.5, -7.5, 0],
            "0.25": [7.5, -5, 5],
            "0.3333": [2.5, 0, 7.5],
            "0.4167": [7.5, 5, 5],
            "0.5": [12.5, 7.5, 0],
            "0.5833": [7.5, 5, -5],
            "0.6667": [2.5, 0, -7.5]
          },
          "position": {
            "0.0": [0, 1, 0],
            "0.0833": [0, 1.2, 0],
            "0.1667": [0, 1, 0],
            "0.25": [0, -1, 0],
            "0.3333": [0, 1, 0],
            "0.4167": [0, 1.2, 0],
            "0.5": [0, 1, 0],
            "0.5833": [0, -1, 0],
            "0.6667": [0, 1, 0]
          }
        },
        "foot_r": {
          "rotation": {
            "0.0": [0, 0, 0],
            "0.0833": [22.5, 0, 0],
            "0.1667": [42.5, 0, 0],
            "0.25": [87.5, 0, 0],
            "0.3333": [55, 0, 0],
            "0.4167": [-32.5, 0, 0],
            "0.5": [-47.5, 0, 0],
            "0.5417": [-47.5, 0, 0],
            "0.5833": [0, 0, 0],
            "0.6667": [0, 0, 0]
          },
          "position": {
            "0.0": [0, 0, 2],
            "0.1667": [0, 2, 3],
            "0.25": [0, 2, 1],
            "0.3333": [0, 2, 0],
            "0.4167": [0, 2, -3],
            "0.5": [0, 1, -3],
            "0.5417": [0, 0, -3],
            "0.5833": [0, 0, -2],
            "0.6667": [0, 0, 2]
          }
        },
        "foot_l": {
          "rotation": {
            "0.0": [55, 0, 0],
            "0.0833": [-32.5, 0, 0],
            "0.1667": [-47.5, 0, 0],
            "0.2083": [-47.5, 0, 0],
            "0.25": [0, 0, 0],
            "0.3333": [0, 0, 0],
            "0.4167": [22.5, 0, 0],
            "0.5": [42.5, 0, 0],
            "0.5833": [87.5, 0, 0],
            "0.6667": [55, 0, 0]
          },
          "position": {
            "0.0": [0, 2, 0],
            "0.0833": [0, 2, -3],
            "0.1667": [0, 1, -3],
            "0.2083": [0, 0, -3],
            "0.25": [0, 0, -2],
            "0.3333": [0, 0, 2],
            "0.5": [0, 2, 3],
            "0.5833": [0, 2, 1],
            "0.6667": [0, 2, 0]
          }
        }
      }
    },
    "animation.melonbp_brp.orangutiniananasini.baby.sit": {
      "loop": true,
      "bones": {
        "foot_r": {
          "rotation": [-48.02107, 43.77421, 23.40164],
          "position": [-3.6, -0.3, -1.8]
        },
        "foot_l": {
          "rotation": [-48.02107, -43.77421, -23.40164],
          "position": [3.6, -0.3, -1.8]
        },
        "waist": {
          "position": [0, -2.3, 0]
        },
        "arm_r": {
          "rotation": [-60.94078, -60.9491, 37.92809],
          "position": [0, 0, -2]
        },
        "arm_l": {
          "rotation": [-82.17345, 62.25078, -58.97562],
          "position": [0, 0, -2]
        },
        "head": {
          "rotation": [-10, 0, 0],
          "position": [0, -1.1, -2.8]
        },
        "body": {
          "rotation": [12.5, 0, 0]
        },
        "leg_r": {
          "rotation": [-20, 0, 0]
        },
        "leg_l": {
          "rotation": [-20, 0, 0]
        },
        "leap": {
          "rotation": [-10, 0, -15]
        }
      }
    }
  }
}
