{
	"format_version": "1.8.0",
	"animations": {
		"animation.melonbp_brp.rhinotoasterino.baby.walk": {
			"loop": true,
			"animation_length": 2,
			"bones": {
				"body": {
					"rotation": {
						"0.0": [0, 0, -5],
						"0.0417": [-5, 0, -5.41667],
						"0.125": [-0.5, 0, -6.25],
						"0.25": [0, 0, -7.5],
						"0.2917": [0, 0, 0],
						"0.3333": [0, 0, 5],
						"0.4167": [0, 0, 0],
						"0.5": [0, 0, 5],
						"0.5417": [-5, 0, 5.41667],
						"0.625": [-0.5, 0, 6.25],
						"0.75": [0, 0, 7.5],
						"0.7917": [0, 0, 0],
						"0.8333": [0, 0, -5],
						"0.9167": [0, 0, 0],
						"1.0": [0, 0, -5],
						"1.0417": [-5, 0, -5.41667],
						"1.125": [-0.5, 0, -6.25],
						"1.25": [0, 0, -7.5],
						"1.2917": [0, 0, 0],
						"1.3333": [0, 0, 5],
						"1.4167": [0, 0, 0],
						"1.5": [0, 0, 5],
						"1.5417": [-5, 0, 5.41667],
						"1.625": [-0.5, 0, 6.25],
						"1.75": [0, 0, 7.5],
						"1.7917": [0, 0, 0],
						"1.8333": [0, 0, -5],
						"1.9167": [0, 0, 0],
						"2.0": [0, 0, -5]
					},
					"position": {
						"0.0": [0, -1, 0],
						"0.125": [0, 0, 0],
						"0.25": [0, 0.3, 0],
						"0.2917": [0, -0.76, 0],
						"0.4583": [0, 0, 0],
						"0.5": [0, -1, 0],
						"0.625": [0, 0, 0],
						"0.75": [0, 0.3, 0],
						"0.7917": [0, -0.76, 0],
						"0.9583": [0, 0, 0],
						"1.0": [0, -1, 0],
						"1.125": [0, 0, 0],
						"1.25": [0, 0.3, 0],
						"1.2917": [0, -0.76, 0],
						"1.4583": [0, 0, 0],
						"1.5": [0, -1, 0],
						"1.625": [0, 0, 0],
						"1.75": [0, 0.3, 0],
						"1.7917": [0, -0.76, 0],
						"1.9583": [0, 0, 0],
						"2.0": [0, -1, 0]
					}
				},
				"head": {
					"rotation": {
						"0.0": [0, 0, -2.5],
						"0.0417": [5, 0, -2.5],
						"0.0833": [-7.5, 0, -2.5],
						"0.125": [5.83333, 0, -2.5],
						"0.2083": [0, 0, -2.5],
						"0.2917": [0, 0, -12.5],
						"0.375": [0, 0, 7.5],
						"0.4167": [0, 0, -5],
						"0.5": [0, 0, -2.5],
						"0.5417": [5, 0, -2.5],
						"0.5833": [-8.40909, 0, -2.5],
						"0.6667": [4.69697, 0, -2.5],
						"0.75": [0, 0, -2.5],
						"0.7917": [0, 0, 7.5],
						"0.875": [0, 0, -9],
						"0.9583": [0, 0, 0],
						"1.0": [0, 0, -2.5],
						"1.0417": [5, 0, -2.5],
						"1.0833": [-7.5, 0, -2.5],
						"1.125": [5.83333, 0, -2.5],
						"1.2083": [0, 0, -2.5],
						"1.2917": [0, 0, -12.5],
						"1.375": [0, 0, 7.5],
						"1.4167": [0, 0, -5],
						"1.5": [0, 0, -2.5],
						"1.5417": [5, 0, -2.5],
						"1.5833": [-8.40909, 0, -2.5],
						"1.6667": [4.69697, 0, -2.5],
						"1.75": [0, 0, -2.5],
						"1.7917": [0, 0, 7.5],
						"1.875": [0, 0, -9],
						"1.9583": [0, 0, 0],
						"2.0": [0, 0, -2.5]
					},
					"position": {
						"0.0": [0, 0, 0],
						"1.0": [0, 0, 0],
						"1.0417": [0, 4, 0],
						"1.0833": [0, 3, 0],
						"2.0": [0, 0, 0]
					}
				},
				"leg_1": {
					"rotation": {
						"0.0": [0, 0, 0],
						"0.125": [-17.5, 0, 0],
						"0.25": [-17.5, 0, 0],
						"0.2917": [-17.5, 0, 0],
						"0.5": [0, 0, 0],
						"0.75": [22.5, 0, 0],
						"0.875": [17.5, 0, 0],
						"1.0": [0, 0, 0],
						"1.125": [-17.5, 0, 0],
						"1.25": [-17.5, 0, 0],
						"1.2917": [-17.5, 0, 0],
						"1.5": [0, 0, 0],
						"1.75": [22.5, 0, 0],
						"1.875": [17.5, 0, 0],
						"2.0": [0, 0, 0]
					},
					"position": {
						"0.0": [0, 2, -1],
						"0.125": [0, 2, -2.5],
						"0.25": [0, 2, -3],
						"0.2917": [0, -1, -3],
						"0.3333": [0, 0, -2.5],
						"0.4167": [0, 0, -1.5],
						"0.5": [0, 0, 0],
						"0.75": [0, 0, 0],
						"0.875": [0, 1, 0],
						"1.0": [0, 2, -1],
						"1.125": [0, 2, -2.5],
						"1.25": [0, 2, -3],
						"1.2917": [0, -1, -3],
						"1.3333": [0, 0, -2.5],
						"1.4167": [0, 0, -1.5],
						"1.5": [0, 0, 0],
						"1.75": [0, 0, 0],
						"1.875": [0, 1, 0],
						"2.0": [0, 2, -1]
					}
				},
				"leg_2": {
					"rotation": {
						"0.0": [0, 0, 0],
						"0.25": [22.5, 0, 0],
						"0.375": [17.5, 0, 0],
						"0.5": [0, 0, 0],
						"0.625": [-17.5, 0, 0],
						"0.75": [-17.5, 0, 0],
						"0.7917": [-17.5, 0, 0],
						"1.0": [0, 0, 0],
						"1.25": [22.5, 0, 0],
						"1.375": [17.5, 0, 0],
						"1.5": [0, 0, 0],
						"1.625": [-17.5, 0, 0],
						"1.75": [-17.5, 0, 0],
						"1.7917": [-17.5, 0, 0],
						"2.0": [0, 0, 0]
					},
					"position": {
						"0.0": [0, 0, 0],
						"0.25": [0, 0, 0],
						"0.375": [0, 1, 0],
						"0.5": [0, 2, -1],
						"0.625": [0, 2, -2.5],
						"0.75": [0, 2, -3],
						"0.7917": [0, -1, -3],
						"0.8333": [0, 0, -2.5],
						"0.9167": [0, 0, -1.5],
						"1.0": [0, 0, 0],
						"1.25": [0, 0, 0],
						"1.375": [0, 1, 0],
						"1.5": [0, 2, -1],
						"1.625": [0, 2, -2.5],
						"1.75": [0, 2, -3],
						"1.7917": [0, -1, -3],
						"1.8333": [0, 0, -2.5],
						"1.9167": [0, 0, -1.5],
						"2.0": [0, 0, 0]
					}
				},
				"leg_3": {
					"rotation": {
						"0.0": [-17.5, 0, 0],
						"0.0417": [-17.5, 0, 0],
						"0.25": [0, 0, 0],
						"0.5": [22.5, 0, 0],
						"0.625": [17.5, 0, 0],
						"0.75": [0, 0, 0],
						"0.875": [-17.5, 0, 0],
						"1.0": [-17.5, 0, 0],
						"1.0417": [-17.5, 0, 0],
						"1.25": [0, 0, 0],
						"1.5": [22.5, 0, 0],
						"1.625": [17.5, 0, 0],
						"1.75": [0, 0, 0],
						"1.875": [-17.5, 0, 0],
						"2.0": [-17.5, 0, 0]
					},
					"position": {
						"0.0": [0, 2, -3],
						"0.0417": [0, -1, -3],
						"0.0833": [0, 0, -2.5],
						"0.1667": [0, 0, -1.5],
						"0.25": [0, 0, 0],
						"0.5": [0, 0, 0],
						"0.625": [0, 1, 0],
						"0.75": [0, 2, -1],
						"0.875": [0, 2, -2.5],
						"1.0": [0, 2, -3],
						"1.0417": [0, -1, -3],
						"1.0833": [0, 0, -2.5],
						"1.1667": [0, 0, -1.5],
						"1.25": [0, 0, 0],
						"1.5": [0, 0, 0],
						"1.625": [0, 1, 0],
						"1.75": [0, 2, -1],
						"1.875": [0, 2, -2.5],
						"2.0": [0, 2, -3]
					}
				},
				"leg_4": {
					"rotation": {
						"0.0": [22.5, 0, 0],
						"0.125": [17.5, 0, 0],
						"0.25": [0, 0, 0],
						"0.375": [-17.5, 0, 0],
						"0.5": [-17.5, 0, 0],
						"0.5417": [-17.5, 0, 0],
						"0.75": [0, 0, 0],
						"1.0": [22.5, 0, 0],
						"1.125": [17.5, 0, 0],
						"1.25": [0, 0, 0],
						"1.375": [-17.5, 0, 0],
						"1.5": [-17.5, 0, 0],
						"1.5417": [-17.5, 0, 0],
						"1.75": [0, 0, 0],
						"2.0": [22.5, 0, 0]
					},
					"position": {
						"0.0": [0, 0, 0],
						"0.125": [0, 1, 0],
						"0.25": [0, 2, -1],
						"0.375": [0, 2, -2.5],
						"0.5": [0, 2, -3],
						"0.5417": [0, -1, -3],
						"0.5833": [0, 0, -2.5],
						"0.6667": [0, 0, -1.5],
						"0.75": [0, 0, 0],
						"1.0": [0, 0, 0],
						"1.125": [0, 1, 0],
						"1.25": [0, 2, -1],
						"1.375": [0, 2, -2.5],
						"1.5": [0, 2, -3],
						"1.5417": [0, -1, -3],
						"1.5833": [0, 0, -2.5],
						"1.6667": [0, 0, -1.5],
						"1.75": [0, 0, 0],
						"2.0": [0, 0, 0]
					}
				}
			}
		},
		"animation.melonbp_brp.rhinotoasterino.baby.sit": {
			"loop": true,
			"bones": {
				"waist": {
					"position": [0, -3.8, 0]
				},
				"body": {
					"position": [0, -3.8, 0]
				}
			}
		}
	}
}