{
  "format_version": "1.8.0",
  "animations": {
    "animation.melonbp_brp.sigmaboy.baby.walk": {
      "loop": true,
      "animation_length": 0.3333,
      "bones": {
        "leg_r": {
          "position": {
            "0.0": [0, 0, -1],
            "0.0417": [0, 0, 0],
            "0.0833": [0, 0, 3],
            "0.125": [0, 0, 3.3],
            "0.1667": [0, 1, 0],
            "0.2083": [0, 1, -1],
            "0.25": [0, 1, -1.3],
            "0.2917": [0, 0, -1.3],
            "0.3333": [0, 0, -1]
          }
        },
        "leg_l": {
          "position": {
            "0.0": [0, 1, 0],
            "0.0417": [0, 1, -1],
            "0.0833": [0, 1, -1.3],
            "0.125": [0, 0, -1.3],
            "0.1667": [0, 0, -1],
            "0.2083": [0, 0, 0],
            "0.25": [0, 0, 3],
            "0.2917": [0, 0, 3.3],
            "0.3333": [0, 1, 0]
          }
        },
        "arm_l": {
          "rotation": {
            "0.0": [0, 0, 0],
            "0.0833": [0, 0, -10],
            "0.1667": [0, 0, 0],
            "0.25": [0, 0, 10],
            "0.3333": [0, 0, 0]
          }
        },
        "arm_r": {
          "rotation": {
            "0.0": [0, 0, 0],
            "0.0833": [0, 0, -10],
            "0.1667": [0, 0, 0],
            "0.25": [0, 0, 10],
            "0.3333": [0, 0, 0]
          }
        },
        "head": {
          "rotation": {
            "0.0": [0, 0, 5],
            "0.0417": [-0.08749, -4.49847, 4.50496],
            "0.0833": [0, -5, 0],
            "0.125": [0.15737, -4.49725, -4.50618],
            "0.1667": [0, 0, -5],
            "0.2083": [-0.08749, 4.49847, -4.50496],
            "0.25": [0, 5, 0],
            "0.2917": [0.01745, 0.4997, 4.50008],
            "0.3333": [0, 0, 5]
          }
        },
        "body": {
          "rotation": {
            "0.0": [0, 0, -5],
            "0.0417": [-0.08749, 4.49847, -4.50496],
            "0.0833": [0, 5, 0],
            "0.125": [0.01745, 0.4997, 4.50008],
            "0.1667": [0, 0, 5],
            "0.2083": [-0.08749, -4.49847, 4.50496],
            "0.25": [0, -5, 0],
            "0.2917": [0.15737, -4.49725, -4.50618],
            "0.3333": [0, 0, -5]
          },
          "position": {
            "0.0": [0, 0, 0],
            "0.0417": [0, 0.2, 0],
            "0.0833": [0, 0, 0],
            "0.125": [0, -0.4, 0],
            "0.1667": [0, 0, 0],
            "0.2083": [0, 0.2, 0],
            "0.25": [0, 0, 0],
            "0.2917": [0, -0.4, 0],
            "0.3333": [0, 0, 0]
          }
        }
      }
    },
    "animation.melonbp_brp.sigmaboy.baby.sit": {
      "loop": true,
      "bones": {
        "body": {
          "position": [0, -2.9, 4]
        },
        "leg_r": {
          "rotation": [0, 0, 0],
          "position": [0, 3, -2.8]
        },
        "leg_l": {
          "rotation": [0, 0, 0],
          "position": [0, 3, -2.8]
        },
        "arm_l": {
          "rotation": [0, 0, 37]
        },
        "arm_r": {
          "rotation": [0, 0, -38]
        },
        "waist": {
          "rotation": [22.5, 0, 0],
          "position": [0, 0, -3]
        },
        "head": {
          "rotation": [-20, 0, 0]
        }
      }
    }
  }
}
