{
	"format_version": "1.8.0",
	"animations": {
		"animation.melonbp_brp.trulimerotrulichina.baby.attack": {
			"loop": "hold_on_last_frame",
			"animation_length": 0.875,
			"bones": {
				"body": {
					"rotation": {
						"0.0": [-35, 0, 0],
						"0.0833": [-11.25, 0, 0],
						"0.125": [22.5, 0, 0],
						"0.1667": [27.5, 0, 0],
						"0.25": [30, 0, 0],
						"0.3333": [-12, 0, 0],
						"0.375": [0, 0, 0],
						"0.4167": [12.5, 0, 0],
						"0.5": [0, 0, 0]
					},
					"position": {
						"0.0": [0, 6, 0],
						"0.0833": [0, 7.34, 0],
						"0.125": [0, -3.33, 0],
						"0.1667": [0, -3.33, 0],
						"0.25": [0, -3.33, 0],
						"0.3333": [0, 1.5, 0],
						"0.375": [0, 2.5, 0],
						"0.4167": [0, 0.5, 0],
						"0.5": [0, -2, 0],
						"0.5833": [0, 0, 0]
					},
					"scale": {
						"0.0": [1, 1, 1],
						"0.0417": [0.8, 1.5, 0.8],
						"0.1667": [1, 1, 1],
						"0.25": [1, 1, 1],
						"0.3333": [0.9, 1.1, 0.9],
						"0.4167": [1, 1, 1],
						"0.5": [1.05, 0.95, 1.05],
						"0.5833": [1, 1, 1]
					}
				},
				"tail": {
					"rotation": {
						"0.0": [-32.5, 0, 0],
						"0.0833": [-50, 0, 0],
						"0.125": [-27.5, 0, 0],
						"0.25": [27.5, 0, 0],
						"0.3333": [70, 0, 0],
						"0.4167": [-12.5, 0, 0],
						"0.5": [17.5, 0, 0],
						"0.5833": [-7.5, 0, 0],
						"0.6667": [0, 0, 0]
					},
					"position": [0, 0, 0]
				},
				"Head": {
					"rotation": {
						"0.0": [40, 0, 0],
						"0.0833": [31.25, 0, 0],
						"0.125": [-22.5, 0, 0],
						"0.25": [-27.5, 0, 0],
						"0.3333": [21.67, 0, 0],
						"0.4167": [-19.16, 0, 0],
						"0.5": [0, 0, 0]
					},
					"position": {
						"0.0": [0, 0, 1],
						"0.125": [0, 0, 1],
						"0.25": [0, 0, 1],
						"0.5": [0, 0, 0]
					}
				},
				"leg_1": {
					"rotation": {
						"0.0": [-78.78208, -41.26755, 23.2643],
						"0.0833": [-97.37349, -29.39187, 8.2548],
						"0.125": [-18.4649, -17.5162, -6.7547],
						"0.1667": [36.5351, -17.5162, -6.7547],
						"0.25": [54.0351, -17.5162, -6.7547],
						"0.4167": [-34.4883, -5.83873, -2.25157],
						"0.4583": [-34.4883, -5.83873, -2.25157],
						"0.5": [0, 0, 0]
					},
					"position": {
						"0.0": [0, 0, 1],
						"0.0833": [3, -7, -2],
						"0.125": [0, 0, 1],
						"0.1667": [0, 0, 1],
						"0.25": [0, 0, 1],
						"0.3333": [0, -3, 0.64],
						"0.4167": [0, 3.5, 4.32],
						"0.4583": [0, -1.25, 4.16],
						"0.5": [0, 1, 0],
						"0.5833": [0, 0, 0]
					},
					"scale": {
						"0.0": [1, 1, 1],
						"0.0833": [0.5, 1, 3.1],
						"0.1667": [1, 1, 1]
					}
				},
				"leg_2": {
					"rotation": {
						"0.0": [-69.05898, 40.78947, -17.13881],
						"0.0833": [-83.50629, 28.08271, -3.25359],
						"0.125": [-20.45359, 15.37596, 10.63162],
						"0.1667": [44.54641, 15.37596, 10.63162],
						"0.25": [59.54641, 15.37596, 10.63162],
						"0.4167": [-33.68923, 9.78018, 20.46703],
						"0.4583": [-34.9184, -0.13563, 5.97735],
						"0.5": [0, 0, 0]
					},
					"position": {
						"0.0": [0, 0, 1],
						"0.0833": [-2, -6, -3],
						"0.125": [0, 0, 1],
						"0.1667": [0, 0, 1],
						"0.25": [0, 0, 1],
						"0.3333": [0, -3, 0.64],
						"0.4167": [0, 3.5, 4.32],
						"0.4583": [0, -1.5, 4.32],
						"0.5": [0, 1, 0],
						"0.5833": [0, 0, 0]
					},
					"scale": {
						"0.0": [1, 1, 1],
						"0.0833": [0.5, 1, 3],
						"0.1667": [1, 1, 1]
					}
				},
				"leg_3": {
					"rotation": {
						"0.0": [-13.53446, 35.39618, 11.54719],
						"0.125": [-121.6298, 45.9215, -24.35788],
						"0.25": [-139.1298, 45.9215, -24.35788],
						"0.3333": [-7.41141, 56.29551, 41.92197],
						"0.4167": [-20.01171, 13.66305, 10.40586],
						"0.5": [0, 0, 0]
					},
					"position": {
						"0.0": [0, 0, 2],
						"0.125": [0, 0, 2],
						"0.25": [0, 0, 2],
						"0.5": [0, 1, 0],
						"0.5833": [0, 0, 0]
					}
				},
				"leg_4": {
					"rotation": {
						"0.0": [-107.19543, -54.24436, 6.57594],
						"0.25": [-127.19543, -54.24436, 6.57594],
						"0.3333": [39.37063, -85.61219, -99.45769],
						"0.4167": [-23.13506, -9.95528, -5.27171],
						"0.5": [0, 0, 0]
					},
					"position": {
						"0.0": [0, 0, 2],
						"0.125": [0, 0, 2],
						"0.25": [0, 0, 2],
						"0.5": [0, 1, 0],
						"0.5833": [0, 0, 0]
					}
				},
				"fin3": {
					"rotation": {
						"0.0": [-20, 0, 0],
						"0.125": [-62.5, 0, 0],
						"0.25": [-42.5, 0, 0],
						"0.3333": [20.83003, 0.17131, 0.15424],
						"0.4167": [30.41501, 0.08565, 0.07712],
						"0.5": [-47.5, 0, 0],
						"0.5833": [-5, 0, 0],
						"0.6667": [0, 0, 0]
					},
					"position": [0, 0, 0]
				}
			}
		},
		"animation.melonbp_brp.trulimerotrulichina.baby.walk": {
			"loop": true,
			"animation_length": 1,
			"bones": {
				"body": {
					"position": [0, 0, 0]
				},
				"tail": {
					"rotation": {
						"0.0": [7.5, -12.5, 0],
						"0.125": [0, -17.5, 0],
						"0.25": [-7.5, -12.5, 0],
						"0.5": [7.5, 12.5, 0],
						"0.625": [0, 17.5, 0],
						"0.75": [-7.5, 12.5, 0],
						"1.0": [7.5, -12.5, 0]
					}
				},
				"Head": {
					"rotation": {
						"0.0": [0, 0, 5],
						"0.125": [5, -1.25, 2.5],
						"0.25": [0, -2.5, 0],
						"0.375": [-5, -1.25, -2.5],
						"0.5": [0, 0, -5],
						"0.625": [5, 1.25, -2.5],
						"0.75": [0, 2.5, 0],
						"0.875": [-5, 1.25, 2.5],
						"1.0": [0, 0, 5]
					}
				},
				"leg_1": {
					"rotation": {
						"0.0": [17.5, 0, 0],
						"0.125": [-32.5, 0, 0],
						"0.25": [-37.5, 0, 0],
						"0.2917": [-37.5, 0, 0],
						"0.375": [-25, 0, 0],
						"0.5": [0, 0, 0],
						"0.75": [37.5, 0, 0],
						"0.875": [50, 0, 0],
						"1.0": [17.5, 0, 0]
					},
					"position": {
						"0.0": [0, 3, -1],
						"0.125": [0, 1, 0],
						"0.25": [0, 0.5, -1],
						"0.2917": [0, -0.5, 0],
						"0.375": [0, -1.5, 0],
						"0.5": [0, -0.5, 0],
						"0.75": [0, -0.5, 1],
						"0.875": [0, 0.5, 0],
						"1.0": [0, 3, -1]
					},
					"scale": {
						"0.0": [1, 1, 1],
						"0.25": [1, 1, 1],
						"0.2917": [0.9, 1.2, 0.9],
						"0.375": [1, 1, 1],
						"1.0": [1, 1, 1]
					}
				},
				"leg_2": {
					"rotation": {
						"0.0": [0, 0, 0],
						"0.25": [37.5, 0, 0],
						"0.375": [50, 0, 0],
						"0.5": [17.5, 0, 0],
						"0.625": [-32.5, 0, 0],
						"0.75": [-37.5, 0, 0],
						"0.7917": [-37.5, 0, 0],
						"0.875": [-25, 0, 0],
						"1.0": [0, 0, 0]
					},
					"position": {
						"0.0": [0, -0.5, 0],
						"0.25": [0, -0.5, 1],
						"0.375": [0, 0.5, 0],
						"0.5": [0, 3, -1],
						"0.625": [0, 1, 0],
						"0.75": [0, 0.5, -1],
						"0.7917": [0, -0.5, 0],
						"0.875": [0, -1.5, 0],
						"1.0": [0, -0.5, 0]
					},
					"scale": {
						"0.5": [1, 1, 1],
						"0.75": [1, 1, 1],
						"0.7917": [0.9, 1.2, 0.9],
						"0.875": [1, 1, 1]
					}
				},
				"leg_3": {
					"rotation": {
						"0.0": [37.5, 0, 0],
						"0.125": [50, 0, 0],
						"0.25": [17.5, 0, 0],
						"0.375": [-32.5, 0, 0],
						"0.5": [-37.5, 0, 0],
						"0.5417": [-37.5, 0, 0],
						"0.625": [-25, 0, 0],
						"0.75": [0, 0, 0],
						"1.0": [37.5, 0, 0]
					},
					"position": {
						"0.0": [0, -0.5, 1],
						"0.125": [0, 0.5, 0],
						"0.25": [0, 3, -1],
						"0.375": [0, 1, 0],
						"0.5": [0, 0.5, -1],
						"0.5417": [0, -0.5, 0],
						"0.625": [0, -1.5, 0],
						"0.75": [0, -0.5, 0],
						"1.0": [0, -0.5, 1]
					},
					"scale": {
						"0.25": [1, 1, 1],
						"0.5": [1, 1, 1],
						"0.5417": [0.9, 1.2, 0.9],
						"0.625": [1, 1, 1]
					}
				},
				"leg_4": {
					"rotation": {
						"0.0": [-37.5, 0, 0],
						"0.0417": [-37.5, 0, 0],
						"0.125": [-25, 0, 0],
						"0.25": [0, 0, 0],
						"0.5": [37.5, 0, 0],
						"0.625": [50, 0, 0],
						"0.75": [17.5, 0, 0],
						"0.875": [-32.5, 0, 0],
						"1.0": [-37.5, 0, 0]
					},
					"position": {
						"0.0": [0, 0.5, -1],
						"0.0417": [0, -0.5, 0],
						"0.125": [0, -1.5, 0],
						"0.25": [0, -0.5, 0],
						"0.5": [0, -0.5, 1],
						"0.625": [0, 0.5, 0],
						"0.75": [0, 3, -1],
						"0.875": [0, 1, 0],