{
  "format_version": "1.8.0",
  "animations": {
    "animation.melonbp_brp.udindindindunmadindindindun.baby.walk": {
      "loop": true,
      "animation_length": 1,
      "bones": {
        "leg_l": {
          "rotation": {
            "0.0": [22.5, 0, 0],
            "0.125": [-27.5, 0, 0],
            "0.25": [-35, 0, 0],
            "0.2917": [-35, 0, 0],
            "0.3333": [-20.5, 0, 0],
            "0.5": [0, 0, 0],
            "0.75": [35, 0, 0],
            "0.875": [45, 0, 0],
            "1.0": [22.5, 0, 0]
          },
          "position": {
            "0.0": [0, 3, -2],
            "0.125": [0, 1, 0],
            "0.25": [0, 0, 0],
            "0.2917": [0, -2, 0],
            "0.3333": [0, -0.8, 0],
            "0.5": [0, 0, 0],
            "0.75": [0, 0, 0],
            "0.875": [0, 1, -2],
            "1.0": [0, 3, -2]
          }
        },
        "foot_l": {
          "rotation": {
            "0.0": [25, 0, 0],
            "0.25": [0, 0, 0],
            "0.2917": [0, 0, 0],
            "0.3333": [20, 0, 0],
            "0.5": [0, 0, 0],
            "0.75": [-17.5, 0, 0],
            "0.875": [5, 0, 0],
            "1.0": [25, 0, 0]
          }
        },
        "leg_r": {
          "rotation": {
            "0.0": [0, 0, 0],
            "0.25": [35, 0, 0],
            "0.375": [45, 0, 0],
            "0.5": [22.5, 0, 0],
            "0.625": [-27.5, 0, 0],
            "0.75": [-35, 0, 0],
            "0.7917": [-35, 0, 0],
            "0.8333": [-20.5, 0, 0],
            "1.0": [0, 0, 0]
          },
          "position": {
            "0.0": [0, 0, 0],
            "0.25": [0, 0, 0],
            "0.375": [0, 1, -2],
            "0.5": [0, 3, -2],
            "0.625": [0, 1, 0],
            "0.75": [0, 0, 0],
            "0.7917": [0, -2, 0],
            "0.8333": [0, -0.8, 0],
            "1.0": [0, 0, 0]
          }
        },
        "foot_r": {
          "rotation": {
            "0.0": [0, 0, 0],
            "0.25": [-17.5, 0, 0],
            "0.375": [5, 0, 0],
            "0.5": [25, 0, 0],
            "0.75": [0, 0, 0],
            "0.7917": [0, 0, 0],
            "0.8333": [20, 0, 0],
            "1.0": [0, 0, 0]
          }
        },
        "waist": {
          "rotation": {
            "0.0": [-4.98107, -0.43523, -4.98107],
            "0.25": [-5.019, -4.98093, 0.43688],
            "0.5": [-4.98107, 0.43523, 4.98107],
            "0.75": [-5.019, 4.98093, -0.43688],
            "1.0": [-4.98107, -0.43523, -4.98107]
          },
          "position": {
            "0.0": [0, -0.3, 0],
            "0.125": [0, 0.5, 0],
            "0.25": [0, 0, 0],
            "0.3333": [0, -2, 0],
            "0.4167": [0, 0, 0],
            "0.5": [0, -0.3, 0],
            "0.625": [0, 0.5, 0],
            "0.75": [0, 0, 0],
            "0.8333": [0, -2, 0],
            "0.9167": [0, 0, 0],
            "1.0": [0, -0.3, 0]
          }
        },
        "arm_r": {
          "rotation": {
            "0.0": [-72.5, 0, 0],
            "0.125": [-82.5, 0, 0],
            "0.25": [-72.5, 0, 0],
            "0.5": [32.5, 0, 0],
            "0.625": [45, 0, 0],
            "0.75": [32.5, 0, 0],
            "1.0": [-72.5, 0, 0]
          }
        },
        "arm_l": {
          "rotation": {
            "0.0": [32.5, 0, 0],
            "0.125": [45, 0, 0],
            "0.25": [32.5, 0, 0],
            "0.5": [-72.5, 0, 0],
            "0.625": [-82.5, 0, 0],
            "0.75": [-72.5, 0, 0],
            "1.0": [32.5, 0, 0]
          }
        },
        "leap": {
          "rotation": {
            "0.0": [-5, 0, 0],
            "0.125": [-17.5, 0, 0],
            "0.25": [-22.5, 0, 0],
            "0.3333": [-32.5, 0, 0],
            "0.4167": [2.5, 0, 0],
            "0.5": [-5, 0, 0],
            "0.625": [-17.5, 0, 0],
            "0.75": [-22.5, 0, 0],
            "0.8333": [-32.5, 0, 0],
            "0.9167": [2.5, 0, 0],
            "1.0": [-5, 0, 0]
          }
        },
        "body": {
          "scale": {
            "0.0": [1, 1, 1],
            "0.25": [1, 1, 1],
            "0.3333": [1.1, 0.9, 1.1],
            "0.5": [1, 1, 1],
            "0.75": [1, 1, 1],
            "0.8333": [1.1, 0.9, 1.1],
            "1.0": [1, 1, 1]
          }
        }
      }
    },
    "animation.melonbp_brp.udindindindunmadindindindun.baby.sit": {
      "loop": true,
      "bones": {
        "leg_l": {
          "rotation": [-15, 0, 87.5],
          "position": [0, 0, -6]
        },
        "leg_r": {
          "rotation": [-25, 0, -40],
          "position": [-1, 5, -8]
        },
        "arm_r": {
          "rotation": [-153.93122, -28.77425, 80.4953],
          "position": [-4, 0, -6]
        },
        "arm_l": {
          "rotation": [-52.5, 0, 0]
        },
        "body": {
          "rotation": [-17.5, 0, 0],
          "position": [0, -9, 0]
        },
        "leap": {
          "rotation": [-157.5, -55, -180]
        }
      }
    }
  }
}
