{
	"format_version": "1.8.0",
	"animations": {
		"animation.melonbp_brp.berrrestehpatipum.baby.sit": {
			"loop": true,
			"bones": {
				"all": {
					"position": [0, -9.6, 0]
				},
				"arm_r": {
					"rotation": [-57.89928, -22.30626, -6.21843],
					"position": [1, 0, 0]
				},
				"arm_l": {
					"rotation": [-92.8609, 36.12682, -60.77302],
					"position": [-1.3, 0, 0]
				},
				"head": {
					"rotation": [-5.90372, -8.02692, -14.52715]
				},
				"leg_l": {
					"rotation": [-96.37313, 12.59311, -24.54761]
				},
				"left_foot": {
					"rotation": [14, 0, 0]
				},
				"leg_r": {
					"rotation": [-96.81285, -12.36345, 26.58245]
				},
				"right_foot": {
					"rotation": [14, 0, 0]
				},
				"body": {
					"position": [0, -12.6, 0]
				}
			}
		},
		"animation.melonbp_brp.berrrestehpatipum.baby.walk": {
			"loop": true,
			"animation_length": 1,
			"bones": {
				"torso": {
					"rotation": {
						"0.0": [-7.43656, -0.9762, -7.43656],
						"0.25": [-13.27463, -19.50645, 4.50432],
						"0.5": [-7.43656, 0.9762, 7.43656],
						"0.75": [-13.27463, 19.50645, -4.50432],
						"1.0": [-7.43656, -0.9762, -7.43656]
					},
					"position": {
						"0.0": [0, -0.5, 0],
						"0.125": [0, 0, 0],
						"0.25": [0, -0.5, 0],
						"0.3333": [0, -4.5, 0],
						"0.5": [0, -0.5, 0],
						"0.625": [0, 0, 0],
						"0.75": [0, -0.5, 0],
						"0.8333": [0, -4.5, 0],
						"1.0": [0, -0.5, 0]
					}
				},
				"arm_r": {
					"rotation": {
						"0.0": [0, 0, 0],
						"0.125": [-37.5, 0, 0],
						"0.25": [-50, 0, 0],
						"0.375": [-37.5, 0, 0],
						"0.5": [0, 0, 0],
						"0.625": [32.5, 0, 0],
						"0.75": [45, 0, 0],
						"0.875": [32.5, 0, 0],
						"1.0": [0, 0, 0]
					}
				},
				"arm_l": {
					"rotation": {
						"0.0": [0, 0, 0],
						"0.125": [32.5, 0, 0],
						"0.25": [45, 0, 0],
						"0.375": [32.5, 0, 0],
						"0.5": [0, 0, 0],
						"0.625": [-37.5, 0, 0],
						"0.75": [-50, 0, 0],
						"0.875": [-37.5, 0, 0],
						"1.0": [0, 0, 0]
					}
				},
				"head": {
					"rotation": {
						"0.0": [12.56344, 0.9762, 7.43656],
						"0.25": [16.72537, 19.50645, -4.50432],
						"0.5": [12.56344, -0.9762, -7.43656],
						"0.75": [16.72537, -19.50645, 4.50432],
						"1.0": [12.56344, 0.9762, 7.43656]
					}
				},
				"nose": {
					"rotation": {
						"0.0": [12.5, 0, 0],
						"0.125": [3.75, 0, 0],
						"0.25": [-30, 0, 0],
						"0.3333": [-38.33, 0, 0],
						"0.4167": [14.59, 0, 0],
						"0.5": [12.5, 0, 0],
						"0.625": [3.75, 0, 0],
						"0.75": [-30, 0, 0],
						"0.8333": [-38.33, 0, 0],
						"0.9167": [14.59, 0, 0],
						"1.0": [12.5, 0, 0]
					}
				},
				"beard": {
					"rotation": {
						"0.0": [2.5, 0, 0],
						"0.125": [0, 0, 0],
						"0.25": [-10, 0, 0],
						"0.3333": [-24.64662, -4.11134, 2.21167],
						"0.4167": [12.64135, -1.64454, 0.88467],
						"0.5": [2.5, 0, 0],
						"0.625": [0, 0, 0],
						"0.75": [-10, 0, 0],
						"0.8333": [-24.64662, -4.11134, 2.21167],
						"0.9167": [12.64135, -1.64454, 0.88467],
						"1.0": [2.5, 0, 0]
					},
					"scale": {
						"0.0": [1, 1.4, 1],
						"0.125": [1, 1, 1],
						"0.25": [1, 1, 1],
						"0.3333": [1.3, 0.9333, 1],
						"0.5": [1, 1.4, 1],
						"0.625": [1, 1, 1],
						"0.75": [1, 1, 1],
						"0.8333": [1.3, 0.9333, 1],
						"1.0": [1, 1.4, 1]
					}
				},
				"leg_l": {
					"rotation": {
						"0.0": [0, 0, 0],
						"0.25": [42.5, 0, 0],
						"0.375": [52.5, 0, 0],
						"0.5": [2.5, 0, 0],
						"0.625": [-37.5, 0, 0],
						"0.75": [-40, 0, 0],
						"0.7917": [-40, 0, 0],
						"1.0": [0, 0, 0]
					},
					"position": {
						"0.0": [0, 0, 0],
						"0.25": [0, -1, 2],
						"0.5": [0, 4, -3],
						"0.625": [0, 1.5, -1.5],
						"0.75": [0, 1, -2],
						"0.7917": [0, -2, -2],
						"1.0": [0, 0, 0]
					}
				},
				"left_foot": {
					"rotation": {
						"0.0": [-0.53, 0, 0],
						"0.25": [-32.5, 0, 0],
						"0.375": [22.95, 0, 0],
						"0.5": [17.5, 0, 0],
						"0.625": [-5, 0, 0],
						"0.75": [-7.5, 0, 0],
						"0.7917": [-7.5, 0, 0],
						"0.875": [22.95, 0, 0],
						"1.0": [-0.53, 0, 0]
					}
				},
				"leg_r": {
					"rotation": {
						"0.0": [2.5, 0, 0],
						"0.125": [-37.5, 0, 0],
						"0.25": [-40, 0, 0],
						"0.2917": [-40, 0, 0],
						"0.5": [0, 0, 0],
						"0.75": [42.5, 0, 0],
						"0.875": [52.5, 0, 0],
						"1.0": [2.5, 0, 0]
					},
					"position": {
						"0.0": [0, 4, -3],
						"0.125": [0, 1.5, -1.5],
						"0.25": [0, 1, -2],
						"0.2917": [0, -2, -2],
						"0.5": [0, 0, 0],
						"0.75": [0, -1, 2],
						"1.0": [0, 4, -3]
					}
				},
				"right_foot": {
					"rotation": {
						"0.0": [17.5, 0, 0],
						"0.125": [-5, 0, 0],
						"0.25": [-7.5, 0, 0],
						"0.2917": [-7.5, 0, 0],
						"0.375": [22.95, 0, 0],
						"0.5": [-0.53, 0, 0],
						"0.75": [-32.5, 0, 0],
						"0.875": [42.5, 0, 0],
						"1.0": [17.5, 0, 0]
					}
				}
			}
		}
	}
}