{
  "format_version": "1.8.0",
  "animations": {
    "animation.melonbp_brp.svininotnt.baby.sit": {
      "loop": true,
      "bones": {
        "torso": {
          "position": [0, -2.1, 0]
        },
        "left_ear": {
          "rotation": [60.15569, 31.9166, 10.61101]
        },
        "right_ear": {
          "rotation": [66.23497, -36.4416, -0.18014]
        },
        "head2": {
          "rotation": [0, 0, 11]
        }
      }
    },
    "animation.melonbp_brp.svininotnt.baby.walk": {
      "loop": true,
      "animation_length": 1,
      "bones": {
        "all": {
          "scale": {
            "0.0": [1, 1, 1],
            "0.125": [1.07, 0.93, 1.07],
            "0.25": [1.1, 0.9, 1.1],
            "0.375": [1.07, 0.93, 1.07],
            "0.5": [1, 1, 1],
            "0.625": [1.07, 0.93, 1.07],
            "0.75": [1.1, 0.9, 1.1],
            "0.875": [1.07, 0.93, 1.07],
            "1.0": [1, 1, 1]
          }
        },
        "torso": {
          "rotation": {
            "0.0": [0, 0, 0],
            "0.125": [0, 4, 0],
            "0.25": [0, 5, 0],
            "0.375": [0, 4, 0],
            "0.5": [0, 0, 0],
            "0.625": [0, -4, 0],
            "0.75": [0, -5, 0],
            "0.875": [0, -4, 0],
            "1.0": [0, 0, 0]
          },
          "position": {
            "0.0": [0, 0, 0],
            "0.125": [0, -0.5, 0],
            "0.25": [0, -0.7, 0],
            "0.375": [0, -0.5, 0],
            "0.5": [0, 0, 0],
            "0.625": [0, -0.5, 0],
            "0.75": [0, -0.7, 0],
            "0.875": [0, -0.5, 0],
            "1.0": [0, 0, 0]
          }
        },
        "flag": {
          "rotation": {
            "0.0": [0, 0, 0],
            "0.125": [15, 0, 0],
            "0.25": [0, 0, 0],
            "0.375": [-5, 0, 0],
            "0.5": [0, 0, 0],
            "0.625": [15, 0, 0],
            "0.75": [0, 0, 0],
            "0.875": [-5, 0, 0],
            "1.0": [0, 0, 0]
          }
        },
        "leg": {
          "rotation": {
            "0.0": [0, 0, 0],
            "0.125": [-40, 0, 0],
            "0.25": [-45, 0, 0],
            "0.375": [-40, 0, 0],
            "0.5": [0, 0, 0],
            "0.625": [40, 0, 0],
            "0.75": [45, 0, 0],
            "0.875": [40, 0, 0],
            "1.0": [0, 0, 0]
          },
          "position": {
            "0.0": [0, 1, 0],
            "0.125": [0, 0.3, -0.7],
            "0.25": [0, 0, -1],
            "0.375": [0, 0, -0.7],
            "0.5": [0, 0, 0],
            "0.625": [0, 0, 0.7],
            "0.75": [0, 0, 1],
            "0.875": [0, 0.3, 0.7],
            "1.0": [0, 1, 0]
          }
        },
        "leg2": {
          "rotation": {
            "0.0": [0, 0, 0],
            "0.125": [40, 0, 0],
            "0.25": [45, 0, 0],
            "0.375": [40, 0, 0],
            "0.5": [0, 0, 0],
            "0.625": [-40, 0, 0],
            "0.75": [-45, 0, 0],
            "0.875": [-40, 0, 0],
            "1.0": [0, 0, 0]
          },
          "position": {
            "0.0": [0, 0, 0],
            "0.125": [0, 0, 0.7],
            "0.25": [0, 0, 1],
            "0.375": [0, 0.3, 0.7],
            "0.5": [0, 1, 0],
            "0.625": [0, 0.3, -0.7],
            "0.75": [0, 0, -1],
            "0.875": [0, 0, -0.7],
            "1.0": [0, 0, 0]
          }
        },
        "leg3": {
          "rotation": {
            "0.0": [0, 0, 0],
            "0.125": [-40, 0, 0],
            "0.25": [-45, 0, 0],
            "0.375": [-40, 0, 0],
            "0.5": [0, 0, 0],
            "0.625": [40, 0, 0],
            "0.75": [45, 0, 0],
            "0.875": [40, 0, 0],
            "1.0": [0, 0, 0]
          },
          "position": {
            "0.0": [0, 1, 0],
            "0.125": [0, 0.3, -0.7],
            "0.25": [0, 0, -1],
            "0.375": [0, 0, -0.7],
            "0.5": [0, 0, 0],
            "0.625": [0, 0, 0.7],
            "0.75": [0, 0, 1],
            "0.875": [0, 0.3, 0.7],
            "1.0": [0, 1, 0]
          }
        },
        "leg4": {
          "rotation": {
            "0.0": [0, 0, 0],
            "0.125": [40, 0, 0],
            "0.25": [45, 0, 0],
            "0.375": [40, 0, 0],
            "0.5": [0, 0, 0],
            "0.625": [-40, 0, 0],
            "0.75": [-45, 0, 0],
            "0.875": [-40, 0, 0],
            "1.0": [0, 0, 0]
          },
          "position": {
            "0.0": [0, 0, 0],
            "0.125": [0, 0, 0.7],
            "0.25": [0, 0, 1],
            "0.375": [0, 0.3, 0.7],
            "0.5": [0, 1, 0],
            "0.625": [0, 0.3, -0.7],
            "0.75": [0, 0, -1],
            "0.875": [0, 0, -0.7],
            "1.0": [0, 0, 0]
          }
        }
      }
    }
  }
}
