{
	"format_version": "1.8.0",
	"animations": {
		"animation.melonbp_brp.bobritobandito.baby.walk": {
			"loop": true,
			"animation_length": 1,
			"bones": {
				"arm_r": {
					"rotation": {
						"0.0": [0, 0, 0],
						"0.25": [20, 0, 0],
						"0.5": [0, 0, 0],
						"0.75": [-20, 0, 0],
						"1.0": [0, 0, 0]
					}
				},
				"arm_l": {
					"rotation": {
						"0.0": [0, 0, 0],
						"0.25": [-20, 0, 0],
						"0.5": [0, 0, 0],
						"0.75": [20, 0, 0],
						"1.0": [0, 0, 0]
					}
				},
				"leg_r": {
					"rotation": {
						"0.0": [0, 0, 0],
						"0.25": [32.5, 0, 0],
						"0.375": [37.5, 0, 0],
						"0.5": [20, 0.86717, -4.92442],
						"0.75": [-25, 0, 0],
						"0.7917": [-25, 0, 0],
						"0.8333": [0, 0, 0],
						"1.0": [0, 0, 0]
					},
					"position": {
						"0.0": [0, 0, 0],
						"0.25": [0, -1, 1],
						"0.375": [0, 0, -1],
						"0.5": [0, 1, -2],
						"0.625": [0, 2, -2],
						"0.75": [0, 2, -2],
						"0.7917": [0, -1, -2],
						"0.8333": [0, -0.1, -4.2],
						"1.0": [0, 0, 0]
					}
				},
				"leg_l": {
					"rotation": {
						"0.0": [20, 0, 0],
						"0.125": [-20, 0, 0],
						"0.25": [-25, 0, 0],
						"0.2917": [-25, 0, 0],
						"0.3333": [0, 0, 0],
						"0.5": [0, 0, 0],
						"0.75": [32.5, 0, 0],
						"0.875": [37.5, 0, 0],
						"1.0": [20, 0, 0]
					},
					"position": {
						"0.0": [0, 1, -2],
						"0.125": [0, 2, -2],
						"0.25": [0, 2, -2],
						"0.2917": [0, -1, -2],
						"0.3333": [0, -0.1, -4.2],
						"0.5": [0, 0, 0],
						"0.75": [0, -1, 1],
						"0.875": [0, 0, -1],
						"1.0": [0, 1, -2]
					}
				},
				"waist": {
					"rotation": {
						"0.0": [9.96271, 0.86717, -4.92442],
						"0.25": [10.08453, -7.38542, -1.30962],
						"0.5": [9.96271, -0.86717, 4.92442],
						"0.75": [10.08453, 7.38542, 1.30962],
						"1.0": [9.96271, 0.86717, -4.92442]
					},
					"position": {
						"0.0": [0, -1.1, 0],
						"0.125": [0, 0, 0],
						"0.25": [0, -0.5, 0],
						"0.2917": [0, -3, 0],
						"0.3333": [0, -3, 0],
						"0.4167": [0, -1.4, 0],
						"0.5": [0, -1.1, 0],
						"0.625": [0, 0, 0],
						"0.75": [0, -0.5, 0],
						"0.7917": [0, -3, 0],
						"0.8333": [0, -3, 0],
						"0.9167": [0, -1.4, 0],
						"1.0": [0, -1.1, 0]
					}
				}
			}
		},
		"animation.melonbp_brp.bobritobandito.baby.sit": {
			"loop": true,
			"bones": {
				"water_pistol": {
					"rotation": [-95, 0, 0],
					"position": [0, -9.5, 8]
				},
				"leg_r": {
					"position": [0, 0, -3]
				},
				"leg_l": {
					"rotation": [80, 0, 0],
					"position": [0, -2.5, -2]
				},
				"waist": {
					"position": [0, -2.5, 0]
				}
			}
		}
	}
}