{
  "format_version": "1.8.0",
  "animations": {
    "animation.melonbp_brp.chimpanzinibananini.baby.walk": {
      "loop": true,
      "animation_length": 0.3333,
      "bones": {
        "body": {
          "rotation": {
            "0.0": [0, 0, 0],
            "0.0833": [12.5, 0, 0],
            "0.1667": [5, 0, 0],
            "0.25": [-2.5, 0, 0],
            "0.3333": [0, 0, 0]
          },
          "position": {
            "0.0": [0, 0, 0],
            "0.0417": [0, 0, 0],
            "0.0833": [0, 3, 0],
            "0.1667": [0, 3.5, 0],
            "0.25": [0, 3, 0],
            "0.2917": [0, 0, 0],
            "0.3333": [0, 0, 0]
          },
          "scale": {
            "0.0": [1.1, 0.9, 1.1],
            "0.0417": [1, 1, 1],
            "0.0833": [0.9, 1.1, 0.9],
            "0.1667": [0.89, 1.11, 0.89],
            "0.25": [0.9, 1.1, 0.9],
            "0.2917": [1, 1, 1],
            "0.3333": [1.1, 0.9, 1.1]
          }
        },
        "bone": {
          "rotation": {
            "0.0": [0, 0, 0],
            "0.0417": [5, 0, 0],
            "0.0833": [15, 0, 0],
            "0.1667": [0, 0, 0],
            "0.25": [-10, 0, 0],
            "0.2917": [-27.5, 0, 0],
            "0.3333": [0, 0, 0]
          }
        },
        "bone3": {
          "rotation": {
            "0.0": [0, 0, 0],
            "0.0417": [5, 0, 0],
            "0.0833": [15, 0, 0],
            "0.1667": [0, 0, 0],
            "0.25": [-10, 0, 0],
            "0.2917": [-27.5, 0, 0],
            "0.3333": [0, 0, 0]
          }
        },
        "bone4": {
          "rotation": {
            "0.0": [0, 0, 0],
            "0.0417": [5, 0, 0],
            "0.0833": [15, 0, 0],
            "0.1667": [0, 0, 0],
            "0.25": [-10, 0, 0],
            "0.2917": [-27.5, 0, 0],
            "0.3333": [0, 0, 0]
          }
        },
        "bone2": {
          "rotation": {
            "0.0": [0, 0, 0],
            "0.0417": [5, 0, 0],
            "0.0833": [15, 0, 0],
            "0.1667": [0, 0, 0],
            "0.25": [-10, 0, 0],
            "0.2917": [-27.5, 0, 0],
            "0.3333": [0, 0, 0]
          }
        }
      }
    },
    "animation.melonbp_brp.chimpanzinibananini.baby.sit": {
      "loop": true,
      "bones": {
        "body": {
          "rotation": [90, 0, 0],
          "position": [0, 4, 8]
        },
        "bone": {
          "rotation": [-139.85376, 29.48356, -174.63363]
        },
        "bone3": {
          "rotation": [59.5428, -83.93127, 93.03396]
        },
        "bone4": {
          "rotation": [27.33262, 95.22434, -110.50811]
        },
        "bone2": {
          "rotation": [-197.5, -40, -180]
        }
      }
    }
  }
}
