{
  "format_version": "1.8.0",
  "animations": {
    "animation.melonbp_brp.coolkidfootera.baby.sit": {
      "loop": true,
      "bones": {
        "Head": {
          "rotation": [0, 0, 7]
        },
        "waist": {
          "rotation": [-6, 0, 0]
        },
        "glass": {
          "rotation": [19.87739, -1.93597, 7.24721],
          "position": [-0.75, 0, -0.7]
        },
        "finger1": {
          "rotation": [-13.41084, 4.05598, 16.52295]
        },
        "finger2": {
          "rotation": [-6.99578, 0.24369, 1.9851]
        }
      }
    },
    "animation.melonbp_brp.coolkidfootera.baby.walk": {
      "loop": true,
      "animation_length": 0.5,
      "bones": {
        "body": {
          "rotation": {
            "0.0": [0, 0, 0],
            "0.125": [15, 0, 0],
            "0.25": [42.5, 0, 0],
            "0.375": [-12.5, 0, 0],
            "0.5": [0, 0, 0]
          },
          "position": {
            "0.0": [0, 0, -3],
            "0.125": [0, 0, 6],
            "0.25": [0, 6, 7],
            "0.375": [0, 7.5, -4.5],
            "0.4167": [0, 0.67, -4],
            "0.5": [0, 0, -3]
          },
          "scale": {
            "0.0": [1.1, 0.9, 1.1],
            "0.125": [1, 1, 1],
            "0.25": [0.9, 1.2, 0.7],
            "0.375": [1, 1.1, 1],
            "0.4167": [0.7, 1.3667, 0.8],
            "0.5": [1.1, 0.9, 1.1]
          }
        },
        "Head": {
          "rotation": {
            "0.0": [17.5, 0, 0],
            "0.125": [-20, 0, 0],
            "0.25": [-47.5, 0, 0],
            "0.375": [7.5, 0, 0],
            "0.5": [17.5, 0, 0]
          }
        },
        "glass": {
          "rotation": {
            "0.0": [-40, 0, 0],
            "0.125": [15, 0, 0],
            "0.25": [40, 0, 0],
            "0.375": [-2.5, 0, 0],
            "0.5": [-40, 0, 0]
          },
          "position": {
            "0.0": [0, 7, 0],
            "0.25": [0, 0, 0],
            "0.4167": [0, 4, 0],
            "0.5": [0, 7, 0]
          }
        },
        "finger1": {
          "rotation": {
            "0.0": [0, 0, 0],
            "0.125": [-15, 0, 0],
            "0.25": [2.5, 0, 0],
            "0.375": [-22.5, 0, 0],
            "0.4167": [12.5, 0, 0],
            "0.5": [0, 0, 0]
          },
          "position": {
            "0.0": [0, 0, 0],
            "0.375": [0, 0, 0],
            "0.4167": [0, -1, 0],
            "0.5": [0, 0, 0]
          }
        },
        "finger2": {
          "rotation": {
            "0.0": [0, 0, 0],
            "0.125": [-15, 0, 0],
            "0.25": [2.5, 0, 0],
            "0.375": [-22.5, 0, 0],
            "0.4167": [12.5, 0, 0],
            "0.5": [0, 0, 0]
          },
          "position": {
            "0.0": [0, 0, 0],
            "0.375": [0, 0, 0],
            "0.4167": [0, -1, 0],
            "0.5": [0, 0, 0]
          }
        }
      }
    }
  }
}
