{
	"format_version": "1.8.0",
	"animations": {
		"animation.melonbp_brp.giraffaceleste.baby.walk": {
			"loop": true,
			"animation_length": 1,
			"bones": {
				"head": {
					"rotation": {
						"0.0": [0, 0, 5],
						"0.125": [0.38277, -6.23688, -0.01728],
						"0.25": [0.98448, -7.43547, -7.56397],
						"0.375": [0.49016, -3.71787, -10.01591],
						"0.5": [0, 0, -5],
						"0.625": [0.38466, 8.74161, 0.0294],
						"0.75": [0.98448, 7.43547, 7.56397],
						"0.875": [0.49016, 3.71787, 10.01591],
						"1.0": [0, 0, 5]
					}
				},
				"leg_1": {
					"rotation": {
						"0.0": [15, 0, 0],
						"0.125": [-27.5, 0, 0],
						"0.25": [-35, 0, 0],
						"0.2917": [-35, 0, 0],
						"0.5": [0, 0, 0],
						"0.75": [32.5, 0, 0],
						"0.875": [42.5, 0, 0],
						"1.0": [15, 0, 0]
					},
					"position": {
						"0.0": [0, 2, -1],
						"0.125": [0, 1, -1],
						"0.25": [0, 1, -1],
						"0.2917": [0, -2, -1],
						"0.5": [0, 0, 0],
						"0.75": [0, 0, 0],
						"0.875": [0, 1, -1],
						"1.0": [0, 2, -1]
					}
				},
				"leg_2": {
					"rotation": {
						"0.0": [0, 0, 0],
						"0.25": [32.5, 0, 0],
						"0.375": [42.5, 0, 0],
						"0.5": [15, 0, 0],
						"0.625": [-27.5, 0, 0],
						"0.75": [-35, 0, 0],
						"0.7917": [-35, 0, 0],
						"1.0": [0, 0, 0]
					},
					"position": {
						"0.0": [0, 0, 0],
						"0.25": [0, 0, 0],
						"0.375": [0, 1, -1],
						"0.5": [0, 2, -1],
						"0.625": [0, 1, -1],
						"0.75": [0, 1, -1],
						"0.7917": [0, -2, -1],
						"1.0": [0, 0, 0]
					}
				},
				"leg_3": {
					"rotation": {
						"0.0": [-35, 0, 0],
						"0.0417": [-35, 0, 0],
						"0.25": [0, 0, 0],
						"0.5": [32.5, 0, 0],
						"0.625": [42.5, 0, 0],
						"0.75": [15, 0, 0],
						"0.875": [-27.5, 0, 0],
						"1.0": [-35, 0, 0]
					},
					"position": {
						"0.0": [0, 1, -1],
						"0.0417": [0, -2, -1],
						"0.25": [0, 0, 0],
						"0.5": [0, 0, 0],
						"0.625": [0, 1, -1],
						"0.75": [0, 2, -1],
						"0.875": [0, 1, -1],
						"1.0": [0, 1, -1]
					}
				},
				"leg_4": {
					"rotation": {
						"0.0": [32.5, 0, 0],
						"0.125": [42.5, 0, 0],
						"0.25": [15, 0, 0],
						"0.375": [-27.5, 0, 0],
						"0.5": [-35, 0, 0],
						"0.5417": [-35, 0, 0],
						"0.75": [0, 0, 0],
						"1.0": [32.5, 0, 0]
					},
					"position": {
						"0.0": [0, 0, 0],
						"0.125": [0, 1, -1],
						"0.25": [0, 2, -1],
						"0.375": [0, 1, -1],
						"0.5": [0, 1, -1],
						"0.5417": [0, -2, -1],
						"0.75": [0, 0, 0],
						"1.0": [0, 0, 0]
					}
				},
				"waist": {
					"position": {
						"0.0": [0, -2, 0],
						"0.125": [0, 0, 0],
						"0.25": [0, 0.5, 0],
						"0.375": [0, 0, 0],
						"0.5": [0, -2, 0],
						"0.625": [0, 0, 0],
						"0.75": [0, 0.5, 0],
						"0.875": [0, 0, 0],
						"1.0": [0, -2, 0]
					}
				},
				"body": {
					"rotation": {
						"0.0": [0, 0, -5],
						"0.125": [0, 5, -4],
						"0.25": [0, 7.5, 0],
						"0.375": [0, 5, 4],
						"0.5": [0, 0, 5],
						"0.625": [0, -5, 4],
						"0.75": [0, -7.5, 0],
						"0.875": [0, -5, -4],
						"1.0": [0, 0, -5]
					}
				}
			}
		},
		"animation.melonbp_brp.giraffaceleste.baby.sit": {
			"loop": true,
			"bones": {
				"leg_1": {
					"rotation": [-90, 0, 0],
					"position": [1.5, 0.1, 1.8]
				},
				"leg_2": {
					"rotation": [-90, 0, 0],
					"position": [-1.7, 0.1, 1.9]
				},
				"leg_3": {
					"rotation": [-90, 0, 0],
					"position": [0, 0.3, 2]
				},
				"leg_4": {
					"rotation": [-90, 0, 0],
					"position": [0, 0.2, 2.1]
				},
				"waist": {
					"position": [0, -12.6, 0]
				},
				"body": {
					"position": [0, -13, 0]
				}
			}
		}
	}
}