{
	"format_version": "1.8.0",
	"animations": {
		"animation.melonbp_brp.ketupatkepat.baby.walk": {
			"loop": true,
			"animation_length": 1,
			"anim_time_update": "q.modified_distance_moved*0.13",
			"bones": {
				"arm_l": {
					"rotation": {
						"0.0": [-47.39118, 3.68425, 3.38262],
						"0.25": [-47.39118, 3.68425, 3.38262],
						"0.4167": [-47.39118, 3.68425, 3.38262],
						"0.4583": [-27.41838, 2.76319, 2.53696],
						"0.5": [-52.5, 0, 0],
						"0.5833": [-47.5, 0, 0],
						"1.0": [-47.39118, 3.68425, 3.38262]
					}
				},
				"arm_r": {
					"rotation": {
						"0.0": [-87.11934, 29.8742, -84.23137],
						"0.25": [-87.11934, 29.8742, -84.23137],
						"0.3333": [-100.29593, -0.52449, -96.29031],
						"0.4167": [-79.26131, 11.48898, -60.22029],
						"0.5": [-86.49112, 4.24229, -72.93012],
						"0.5833": [-87.11934, 29.8742, -84.23137],
						"0.6667": [-87.11934, 29.8742, -84.23137],
						"0.75": [-87.11934, 29.8742, -84.23137],
						"1.0": [-87.11934, 29.8742, -84.23137]
					}
				},
				"bone": {
					"rotation": {
						"0.0": [0, 0, 90],
						"1.0": [0, 0, 90]
					},
					"position": {
						"0.0": [0, 0, 0],
						"0.375": [0, 0, 0],
						"0.4167": [0, 0, 1],
						"0.4583": [0, 0, 0]
					},
					"scale": {
						"0.0": [1, 1, 1],
						"0.25": [1, 1, 1],
						"0.375": [0.8, 2.2, 1],
						"0.4167": [1.6, 1, 1.2],
						"0.4583": [1, 1, 1]
					}
				},
				"hand_r": {
					"rotation": {
						"0.0": [0, 0, 0],
						"0.25": [0, 0, 0],
						"0.2917": [0, -15, 0],
						"0.4167": [0, -145, 0],
						"0.5417": [0, 0, 0],
						"0.625": [0, 10, 0],
						"0.75": [0, 0, 0],
						"1.0": [0, 0, 0]
					}
				},
				"head": {
					"rotation": {
						"0.0": [-2.5, 0, 2.5],
						"0.25": [0, 5, 0],
						"0.5": [-2.5, 0, -2.5],
						"0.75": [0, -2.5, 0],
						"1.0": [-2.5, 0, 2.5]
					}
				},
				"leg_lc": {
					"rotation": {
						"0.0": [-20, 0, 0],
						"0.125": [-30, 0, 0],
						"0.25": [-40, 0, 0],
						"0.2917": [-40, 0, 0],
						"0.3333": [-30, 0, 0],
						"0.5": [0, 0, 0],
						"0.75": [45, 0, 0],
						"0.875": [60, 0, 0],
						"1.0": [-20, 0, 0]
					},
					"position": {
						"0.0": [0, 2, 0],
						"0.125": [0, 0, -1],
						"0.25": [0, 0, -1],
						"0.2917": [0, -2, -1],
						"0.3333": [0, -0.5, -1],
						"0.5": [0, 0, 0],
						"0.75": [0, 0, 2],
						"0.875": [0, 1, 0],
						"1.0": [0, 2, 0]
					}
				},
				"foot_l": {
					"rotation": {
						"0.0": [107.5, 0, 0],
						"0.125": [12.5, 0, 0],
						"0.25": [0, 0, 0],
						"0.2917": [0, 0, 0],
						"0.3333": [30, 0, 0],
						"0.5": [0, 0, 0],
						"0.75": [-30, 0, 0],
						"0.875": [0, 0, 0],
						"1.0": [107.5, 0, 0]
					}
				},
				"waist": {
					"rotation": {
						"0.0": [2.5, 0, -2.5],
						"0.25": [0, -2.5, 0],
						"0.5": [2.5, 0, 2.5],
						"0.75": [0, 5, 0],
						"1.0": [2.5, 0, -2.5]
					},
					"position": {
						"0.0": [0, -0.5, 0],
						"0.0417": [0, -0.2, 0],
						"0.125": [0, 0, 0],
						"0.2083": [0, -0.2, 0],
						"0.25": [0, -0.5, 0],
						"0.2917": [0, -1.6, 0],
						"0.3333": [0, -1.5, 0],
						"0.5": [0, -0.5, 0],
						"0.5417": [0, -0.2, 0],
						"0.625": [0, 0, 0],
						"0.7083": [0, -0.2, 0],
						"0.75": [0, -0.5, 0],
						"0.7917": [0, -1.6, 0],
						"0.8333": [0, -1.5, 0],
						"1.0": [0, -0.5, 0]
					}
				},
				"foot_r": {
					"rotation": {
						"0.0": [0, 0, 0],
						"0.25": [-30, 0, 0],
						"0.375": [0, 0, 0],
						"0.5": [107.5, 0, 0],
						"0.625": [12.5, 0, 0],
						"0.75": [0, 0, 0],
						"0.7917": [0, 0, 0],
						"0.8333": [30, 0, 0],
						"1.0": [0, 0, 0]
					}
				},
				"leg_rc": {
					"rotation": {
						"0.0": [0, 0, 0],
						"0.25": [45, 0, 0],
						"0.375": [60, 0, 0],
						"0.5": [-20, 0, 0],
						"0.625": [-30, 0, 0],
						"0.75": [-40, 0, 0],
						"0.7917": [-40, 0, 0],
						"0.8333": [-30, 0, 0],
						"1.0": [0, 0, 0]
					},
					"position": {
						"0.0": [0, 0, 0],
						"0.25": [0, 0, 2],
						"0.375": [0, 1, 0],
						"0.5": [0, 2, 0],
						"0.625": [0, 0, -1],
						"0.75": [0, 0, -1],
						"0.7917": [0, -2, -1],
						"0.8333": [0, -0.5, -1],
						"1.0": [0, 0, 0]
					}
				},
				"face": {
					"rotation": {
						"0.0": [0, 0, 0],
						"0.125": [0, 0, 5.5],
						"0.25": [0, 0, 7.5],
						"0.375": [0, 0, 5.5],
						"0.5": [0, 0, 0],
						"0.625": [0, 0, -5.5],
						"0.75": [0, 0, -7.5],
						"0.875": [0, 0, -5.5],
						"1.0": [0, 0, 0]
					}
				}
			}
		},
		"animation.melonbp_brp.ketupatkepat.baby.sit": {
			"loop": true,
			"bones": {
				"body": {
					"position": [0, -8.1, 0]
				},
				"arm_l": {
					"rotation": [-46.56119, 32.35256, -50.53572],
					"position": [1, 2, 3]
				},
				"arm_r": {
					"rotation": [-142.12377, -67.75418, 210.9305],
					"position": [-1, 1, 0]
				},
				"leg_l": {
					"rotation": [-90, -15, 0],
					"position": [1, 0, 0]
				},
				"leg_l2": {
					"rotation": [-90, 47.5, 0]
				}
			}
		}
	}
}