{
  "format_version": "1.8.0",
  "animations": {
    "animation.melonbp_brp.lirililarila.baby.sit": {
      "loop": true,
      "bones": {
        "Body": {
          "position": [0, -2.3, 0],
          "scale": [1, 0.84, 1]
        },
        "Leg_r": {
          "rotation": [-74.25287, 27.60961, 14.57813],
          "position": [1.4, -6.8, 0]
        },
        "Leg_l": {
          "rotation": [-74.25287, -27.60961, -14.57813],
          "position": [-1.2, -6.8, 0]
        },
        "Head": {
          "position": [0, 3.1, 2.2]
        },
        "ear_l": {
          "rotation": [0, -25, 0]
        },
        "ear_r": {
          "rotation": [0, 25, 0]
        },
        "waist": {
          "position": [0, -7.1, 0]
        },
        "Leg_r_foot": {
          "scale": [1, 1, 0.91]
        },
        "Leg_l_foot": {
          "scale": [1, 1, 0.91]
        }
      }
    },
    "animation.melonbp_brp.lirililarila.baby.walk": {
      "loop": true,
      "animation_length": 1.625,
      "bones": {
        "Body": {
          "position": [0, 0, 0]
        },
        "Leg_r": {
          "rotation": {
            "0.0": [0, 0, 0],
            "0.375": [32.5, 0, 0],
            "0.5833": [37.5, 0, 0],
            "0.7917": [20, 0, 0],
            "1.2083": [-25, 0, 0],
            "1.25": [-25, 0, 0],
            "1.3333": [0, 0, 0],
            "1.625": [0, 0, 0]
          },
          "position": {
            "0.0": [0, 0, 0],
            "0.375": [0, 1.2, 1],
            "0.5833": [0, 0.9, -1],
            "0.7917": [0, 1, -2],
            "1.0": [0, 2, -2],
            "1.2083": [0, 2, -2],
            "1.25": [0, -1, -2],
            "1.3333": [0, -0.1, -4.2],
            "1.625": [0, 0, 0]
          }
        },
        "Leg_l": {
          "rotation": {
            "0.0": [20, 0, 0],
            "0.2083": [-20, 0, 0],
            "0.4167": [-25, 0, 0],
            "0.4583": [-25, 0, 0],
            "0.5417": [0, 0, 0],
            "0.8333": [0, 0, 0],
            "1.2083": [32.5, 0, 0],
            "1.4167": [37.5, 0, 0],
            "1.625": [20, 0, 0]
          },
          "position": {
            "0.0": [0, 2, -2],
            "0.2083": [0, 2, -2],
            "0.4167": [0, 2, -2],
            "0.4583": [0, -1, -2],
            "0.5417": [0, -0.1, -4.2],
            "0.8333": [0, 0, 0],
            "1.0417": [0, 2.14, 0.56],
            "1.2083": [0, 1.7, 1],
            "1.4167": [0, 0.9, -1],
            "1.625": [0, 2, -2]
          }
        },
        "Head": {
          "rotation": {
            "0.0": [10, 0, 5],
            "0.375": [-12.5, 7.5, 0],
            "0.7917": [10, 0, -5],
            "1.2083": [-12.5, -7.5, 0],
            "1.625": [10, 0, 5]
          }
        },
        "ear_l": {
          "rotation": {
            "0.0": [-12.3378, 14.94159, -5.17544],
            "0.375": [-1.3378, -14.94159, 5.17544],
            "0.8333": [-12.3378, 14.94159, -5.17544],
            "1.25": [-1.3378, -14.94159, 5.17544],
            "1.625": [-12.3378, 14.94159, -5.17544]
          }
        },
        "ear_r": {
          "rotation": {
            "0.0": [-12.3378, 14.94159, -5.17544],
            "0.375": [-1.3378, -14.94159, 5.17544],
            "0.8333": [-12.3378, 14.94159, -5.17544],
            "1.25": [-1.3378, -14.94159, 5.17544],
            "1.625": [-12.3378, 14.94159, -5.17544]
          }
        },
        "waist": {
          "rotation": {
            "0.0": [-0.03729, 0.86717, -4.92442],
            "0.4167": [0.08453, -7.38542, -1.30962],
            "0.8333": [-0.03729, -0.86717, 4.92442],
            "1.25": [0.08453, 7.38542, 1.30962],
            "1.625": [-0.03729, 0.86717, -4.92442]
          },
          "position": {
            "0.0": [0, -1.1, 0],
            "0.2083": [0, 0, 0],
            "0.4167": [0, -0.5, 0],
            "0.5": [0, -3, 0],
            "0.5833": [0, -3, 0],
            "0.7083": [0, -1.4, 0],
            "0.8333": [0, -1.1, 0],
            "1.0417": [0, 0, 0],
            "1.25": [0, -0.5, 0],
            "1.3333": [0, -3, 0],
            "1.4167": [0, -3, 0],
            "1.5": [0, -1.4, 0],
            "1.625": [0, -1.1, 0]
          }
        },
        "Leg_r_foot": {
          "rotation": {
            "0.0": [0, 0, 0],
            "0.375": [32.5, 0, 0],
            "0.5833": [37.5, 0, 0],
            "0.7917": [20, 0, 0],
            "1.2083": [-25, 0, 0],
            "1.25": [-25, 0, 0],
            "1.3333": [0, 0, 0],
            "1.625": [0, 0, 0]
          },
          "position": {
            "0.0": [0, 0, 0],
            "0.2083": [0, 0.04, -2.44],
            "0.375": [0, 0.2, -5.3],
            "0.5833": [0, -0.2, -6],
            "0.7917": [0, 1, -2],
            "1.0": [0, 2, 0.4],
            "1.2083": [0, 2, 3.3],
            "1.25": [0, -1, 3.5],
            "1.3333": [0, -0.1, 0],
            "1.625": [0, 0, 0]
          }
        },
        "Leg_l_foot": {
          "rotation": {
            "0.0": [20, 0, 0],
            "0.2083": [-20, 0, 0],
            "0.4167": [-25, 0, 0],
            "0.4583": [-25, 0, 0],
            "0.5417": [0, 0, 0],
            "0.8333": [0, 0, 0],
            "1.2083": [32.5, 0, 0],
            "1.4167": [37.5, 0, 0],
            "1.625": [20, 0, 0]
          },
          "position": {
            "0.0": [0, 0.5, -3.4],
            "0.2083": [0, 0.8, 3.1],
            "0.4167": [0, 0.8, 3.5],
            "0.4583": [0, 0.8, 4.1],
            "0.5417": [0, -0.1, 0],
            "0.8333": [0, 0, 0],
            "1.2083": [0, 0.1, -5.4],
            "1.4167": [0, -0.2, -6],
            "1.625": [0, 0.5, -3.4]
          }
        },
        "nose": {
          "rotation": {
            "0.0": [0, 0, 0],
            "0.1667": [0, 0, 7.5],
            "0.375": [0, 0, 0],
            "0.5833": [0, 0, -32.5],
            "0.7917": [0, 0, 0],
            "1.0": [0, 0, -17.5],
            "1.2083": [0, 0, 0],
            "1.4167": [3.91777, 6.09592, 33.65039],
            "1.625": [0, 0, 0]
          }
        }
      }
    }
  }
}
