{
  "format_version": "1.8.0",
  "animations": {
    "animation.melonbp_brp.ninjacapuccino.baby.sit": {
      "loop": true,
      "animation_length": 1,
      "bones": {
        "torso": {
          "position": [0, -3.1, 0]
        },
        "right_arm": {
          "rotation": [83.46283, -9.50204, 22.91778],
          "position": [0, 2, -0.3]
        },
        "left_arm": {
          "rotation": [206.51431, -57.43728, -88.244],
          "position": [-1, 2, -2.3]
        },
        "right_leg": {
          "position": [0, 0, -4.9]
        },
        "left_leg": {
          "rotation": [71, 0, 0],
          "position": [0, -2.1, -4.2]
        },
        "left_foot": {
          "rotation": [43, 0, 0]
        },
        "left_tool": {
          "rotation": [0, 0, -30]
        }
      }
    },
    "animation.melonbp_brp.ninjacapuccino.baby.walk": {
      "loop": true,
      "animation_length": 1,
      "bones": {
        "torso": {
          "rotation": {
            "0.0": [0, 0, -2.5],
            "0.25": [0, -2.5, 0],
            "0.5": [0, 0, 2.5],
            "0.75": [0, 2.5, 0],
            "1.0": [0, 0, -2.5]
          },
          "position": {
            "0.0": [0, 0, 0],
            "0.125": [0, 0.2, 0],
            "0.25": [0, 0, 0],
            "0.2917": [0, -0.5, 0],
            "0.3333": [0, -0.6, 0],
            "0.5": [0, 0, 0],
            "0.625": [0, 0.2, 0],
            "0.75": [0, 0, 0],
            "0.7917": [0, -0.5, 0],
            "0.8333": [0, -0.6, 0],
            "1.0": [0, 0, 0]
          }
        },
        "right_arm": {
          "rotation": {
            "0.0": [0, 0, 2.5],
            "0.25": [0, 5, 0],
            "0.2917": [-0.36379, 4.15078, -5.42985],
            "0.375": [-0.32676, 2.47858, -6.76023],
            "0.5": [0, 0, -2.5],
            "0.75": [0, -5, 0],
            "0.7917": [0.36379, -4.15078, -4.59652],
            "0.875": [0.32676, -2.47858, -4.26023],
            "1.0": [0, 0, 2.5]
          }
        },
        "left_arm": {
          "rotation": {
            "0.0": [0, 0, 2.5],
            "0.25": [0, 5, 0],
            "0.2917": [0.36379, 4.15078, 4.59652],
            "0.375": [0.21827, 2.49047, 1.75791],
            "0.5": [0, 0, -2.5],
            "0.75": [0, -5, 0],
            "0.7917": [-0.36379, -4.15078, 5.42985],
            "0.875": [-0.32676, -2.47858, 6.76023],
            "1.0": [0, 0, 2.5]
          }
        },
        "right_leg": {
          "rotation": {
            "0.0": [0, 0, 0],
            "0.25": [43.75, 0, 0],
            "0.375": [53.13, 0, 0],
            "0.5": [17.5, 0, 0],
            "0.625": [-20, 0, 0],
            "0.75": [-27.5, 0, 0],
            "0.7917": [-27.5, 0, 0],
            "1.0": [0, 0, 0]
          },
          "position": {
            "0.0": [0, 0, 0],
            "0.25": [0, -0.5, 1],
            "0.5": [0, 2, -1],
            "0.625": [0, 1, -1],
            "0.75": [0, 0.5, -1],
            "0.7917": [0, 0, -1],
            "0.875": [0, -0.1, -0.6],
            "1.0": [0, 0, 0]
          }
        },
        "right_foot": {
          "rotation": {
            "0.0": [0, 0, 0],
            "0.25": [-20, 0, 0],
            "0.375": [18.75, 0, 0],
            "0.5": [12.5, 0, 0],
            "0.625": [0, 0, 0],
            "0.75": [-7.5, 0, 0],
            "0.7917": [-10, 0, 0],
            "0.8333": [22.5, 0, 0],
            "1.0": [0, 0, 0]
          }
        },
        "left_leg": {
          "rotation": {
            "0.0": [17.5, 0, 0],
            "0.125": [-20, 0, 0],
            "0.25": [-27.5, 0, 0],
            "0.2917": [-27.5, 0, 0],
            "0.5": [0, 0, 0],
            "0.75": [43.75, 0, 0],
            "0.875": [53.13, 0, 0],
            "1.0": [17.5, 0, 0]
          },
          "position": {
            "0.0": [0, 2, -1],
            "0.125": [0, 1, -1],
            "0.25": [0, 0.5, -1],
            "0.2917": [0, 0, -1],
            "0.375": [0, -0.1, -0.6],
            "0.5": [0, 0, 0],
            "0.75": [0, -0.5, 1],
            "1.0": [0, 2, -1]
          }
        },
        "left_foot": {
          "rotation": {
            "0.0": [12.5, 0, 0],
            "0.125": [0, 0, 0],
            "0.25": [-7.5, 0, 0],
            "0.2917": [-10, 0, 0],
            "0.3333": [22.5, 0, 0],
            "0.5": [0, 0, 0],
            "0.75": [-35, 0, 0],
            "0.875": [18.75, 0, 0],
            "1.0": [12.5, 0, 0]
          }
        },
        "flag": {
          "rotation": {
            "0.0": [-3.49226, -34.84748, 6.0963],
            "0.25": [0, -29.85, 0],
            "0.5": [3.49226, -34.84748, -6.0963],
            "0.75": [0, -39.85, 0],
            "1.0": [-3.49226, -34.84748, 6.0963]
          }
        }
      }
    },
    "animation.melonbp_brp.ninjacapuccino.baby.wind": {
      "loop": true,
      "animation_length": 2.5,
      "bones": {
        "flag": {
          "rotation": {
            "0.0": [7.5, -35, 0],
            "0.125": [-15, -17.5, 0],
            "0.25": [-7.5, -12.5, 0],
            "0.375": [0, -10, 0],
            "0.5": [5, -12.5, 0],
            "0.625": [15, -17.5, 0],
            "0.75": [5, -47.5, 0],
            "0.875": [-10, -37.5, 0],
            "0.9583": [5, -35, 0],
            "1.0417": [12.5, -37.5, 0],
            "1.125": [17.5, -55, 0],
            "1.25": [-12.5, -57.5, 0],
            "1.375": [0, -52.5, 0],
            "1.5": [-27.5, -5, 0],
            "1.625": [-5, 0, 0],
            "1.75": [5, -5, 0],
            "1.875": [30, -30, 0],
            "2.0": [5, -35, 0],
            "2.0833": [-2.5, -23.33, 0],
            "2.125": [-5, -20.83, 0],
            "2.1667": [-2.5, -23.33, 0],
            "2.25": [12.5, -35, 0],
            "2.3333": [-12.5, -23.33, 0],
            "2.375": [-5, -20.83, 0],
            "2.4167": [0, -23.33, 0],
            "2.5": [7.5, -35, 0]
          }
        }
      }
    }
  }
}
