{
  "format_version": "1.8.0",
  "animations": {
    "animation.melonbp_brp.pakrahmatmamat.baby.walk": {
      "loop": true,
      "animation_length": 1,
      "bones": {
        "leg_r": {
          "position": {
            "0.0": [0, 0, 0],
            "0.25": [0, 0, 5],
            "0.375": [0, 2, 4],
            "0.5": [0, 3, 0],
            "0.625": [0, 2, -3],
            "0.75": [0, 0, -3],
            "1.0": [0, 0, 0]
          }
        },
        "leg_l": {
          "position": {
            "0.0": [0, 3, 0],
            "0.125": [0, 2, -3],
            "0.25": [0, 0, -3],
            "0.5": [0, 0, 0],
            "0.75": [0, 0, 5],
            "0.875": [0, 2, 4],
            "1.0": [0, 3, 0]
          }
        },
        "waist": {
          "rotation": {
            "0.0": [-4.99762, -0.10901, -2.49762],
            "0.25": [2.5, 0, 0],
            "0.5": [-4.99762, 0.10901, 2.49762],
            "0.75": [2.5, 0, 0],
            "1.0": [-4.99762, -0.10901, -2.49762]
          },
          "position": {
            "0.0": [0, 0, 0],
            "0.0833": [0, 1.3, 0],
            "0.125": [0, 1.5, 0],
            "0.1667": [0, 1.3, 0],
            "0.25": [0, 0, 0],
            "0.2917": [0, -1.3, 0],
            "0.375": [0, -2.3, 0],
            "0.4583": [0, -1.3, 0],
            "0.5": [0, 0, 0],
            "0.5833": [0, 1.3, 0],
            "0.625": [0, 1.5, 0],
            "0.6667": [0, 1.3, 0],
            "0.75": [0, 0, 0],
            "0.7917": [0, -1.3, 0],
            "0.875": [0, -2.3, 0],
            "0.9583": [0, -1.3, 0],
            "1.0": [0, 0, 0]
          }
        }
      }
    },
    "animation.melonbp_brp.pakrahmatmamat.baby.sit": {
      "loop": true,
      "bones": {
        "leg_r": {
          "rotation": [-32.47558, -18.40941, -79.13646],
          "position": [1.3, 1, -5.8]
        },
        "leg_l": {
          "position": [-0.9, 0, -5]
        },
        "waist": {
          "rotation": [1.19541, -0.17147, 2.86172],
          "position": [0, -5.4, 0]
        }
      }
    }
  }
}
