{
  "format_version": "1.8.0",
  "animations": {
    "animation.melonbp_brp.sirorangegiraffe.baby.sit": {
      "loop": true,
      "bones": {
        "body": {
          "position": [0, -7, 0]
        },
        "arm_r": {
          "rotation": [-88.53584, -34.60071, 53.25822],
          "position": [0, 0, -3]
        },
        "tail": {
          "rotation": [20, 0, 0]
        },
        "leg_l": {
          "rotation": [82.5, 0, 0],
          "position": [0, -1.5, -2],
          "scale": 1
        },
        "leg_r": {
          "position": [0, 7, -8],
          "scale": 1
        }
      }
    },
    "animation.melonbp_brp.sirorangegiraffe.baby.walk": {
      "loop": true,
      "animation_length": 1,
      "bones": {
        "head": {
          "rotation": {
            "0.0": [0, 0, 5],
            "0.25": [-2.5, 7.5, 0],
            "0.5": [0, 0, -5],
            "0.75": [-2.5, -7.5, 0],
            "1.0": [0, 0, 5]
          }
        },
        "arm_l": {
          "rotation": {
            "0.0": [18.88485, -1.31377, -20.66667],
            "0.125": [26.9605, -9.07418, -27.0045],
            "0.25": [21.83141, -29.52591, -31.38537],
            "0.5": [-35.77466, 14.2563, -38.45036],
            "0.625": [-49.63586, 32.94859, -51.72987],
            "0.75": [-46.71899, 40.91024, -48.75366],
            "1.0": [18.88485, -1.31377, -20.66667]
          },
          "position": {
            "0.0": [0, 1, 0],
            "1.0": [0, 1, 0]
          }
        },
        "arm_r": {
          "rotation": {
            "0.0": [-35.77466, -14.2563, 38.45036],
            "0.125": [-49.63586, -32.94859, 51.72987],
            "0.25": [-46.71899, -40.91024, 48.75366],
            "0.5": [18.88485, 1.31377, 20.66667],
            "0.625": [26.9605, 9.07418, 27.0045],
            "0.75": [21.83141, 29.52591, 31.38537],
            "1.0": [-35.77466, -14.2563, 38.45036]
          },
          "position": [0, 1, 0]
        },
        "tail": {
          "rotation": {
            "0.0": [15, 0, 5],
            "0.125": [-12.5, 0, -20],
            "0.25": [0, 0, -22.5],
            "0.375": [12.5, 0, -12.5],
            "0.5": [15, 0, 5],
            "0.625": [-12.5, 0, 25],
            "0.75": [0, 0, 42.5],
            "0.875": [12.5, 0, 25],
            "1.0": [15, 0, 5]
          }
        },
        "leg_l": {
          "rotation": {
            "0.0": [20, 0, 0],
            "0.125": [-20, 0, 0],
            "0.25": [-25, 0, 0],
            "0.2917": [-25, 0, 0],
            "0.3333": [0, 0, 0],
            "0.5": [0, 0, 0],
            "0.75": [32.5, 0, 0],
            "0.875": [37.5, 0, 0],
            "1.0": [20, 0, 0]
          },
          "position": {
            "0.0": [0, 1, -2],
            "0.125": [0, 2, -2],
            "0.25": [0, 2, -2],
            "0.2917": [0, -1, -2],
            "0.3333": [0, -0.1, -4.2],
            "0.5": [0, 0, 0],
            "0.75": [0, -1, 1],
            "0.875": [0, 0, -1],
            "1.0": [0, 1, -2]
          }
        },
        "leg_r": {
          "rotation": {
            "0.0": [0, 0, 0],
            "0.25": [32.5, 0, 0],
            "0.375": [37.5, 0, 0],
            "0.5": [20, 0, 0],
            "0.75": [-25, 0, 0],
            "0.7917": [-25, 0, 0],
            "0.8333": [0, 0, 0],
            "1.0": [0, 0, 0]
          },
          "position": {
            "0.0": [0, 0, 0],
            "0.25": [0, -1, 1],
            "0.375": [0, 0, -1],
            "0.5": [0, 1, -2],
            "0.625": [0, 2, -2],
            "0.75": [0, 2, -2],
            "0.7917": [0, -1, -2],
            "0.8333": [0, -0.1, -4.2],
            "1.0": [0, 0, 0]
          }
        },
        "waist": {
          "rotation": {
            "0.0": [9.96271, 0.86717, -4.92442],
            "0.25": [10.08453, -7.38542, -1.30962],
            "0.5": [9.96271, -0.86717, 4.92442],
            "0.75": [10.08453, 7.38542, 1.30962],
            "1.0": [9.96271, 0.86717, -4.92442]
          },
          "position": {
            "0.0": [0, -1.1, 0],
            "0.125": [0, 0, 0],
            "0.25": [0, -0.5, 0],
            "0.2917": [0, -3, 0],
            "0.3333": [0, -3, 0],
            "0.4167": [0, -1.4, 0],
            "0.5": [0, -1.1, 0],
            "0.625": [0, 0, 0],
            "0.75": [0, -0.5, 0],
            "0.7917": [0, -3, 0],
            "0.8333": [0, -3, 0],
            "0.9167": [0, -1.4, 0],
            "1.0": [0, -1.1, 0]
          }
        }
      }
    }
  }
}
