{
  "format_version": "1.8.0",
  "animations": {
    "animation.melonbp_brp.trictracbarabum.baby.walk": {
      "loop": true,
      "animation_length": 1,
      "bones": {
        "left_leg": {
          "rotation": {
            "0.0": [-10, 0, 0],
            "0.125": [-37.5, 0, 0],
            "0.25": [-45, 0, 0],
            "0.2917": [-45, 0, 0],
            "0.5": [0, 0, 0],
            "0.75": [17.5, 0, 0],
            "0.875": [32.5, 0, 0],
            "1.0": [-10, 0, 0]
          },
          "position": {
            "0.0": [0, 3, -2],
            "0.125": [0, 2.5, -2],
            "0.25": [0, 2, -2],
            "0.2917": [0, 0, -2],
            "0.3333": [0, -0.9, -1.6],
            "0.375": [0, -0.47, -1.2],
            "0.5": [0, 0, 0],
            "0.75": [0, 1, 3],
            "0.875": [0, 3, 2],
            "1.0": [0, 3, -2]
          }
        },
        "right_leg": {
          "rotation": {
            "0.0": [0, 0, 0],
            "0.25": [17.5, 0, 0],
            "0.375": [32.5, 0, 0],
            "0.5": [-10, 0, 0],
            "0.625": [-37.5, 0, 0],
            "0.75": [-45, 0, 0],
            "0.7917": [-45, 0, 0],
            "1.0": [0, 0, 0]
          },
          "position": {
            "0.0": [0, 0, 0],
            "0.25": [0, 1, 3],
            "0.375": [0, 3, 2],
            "0.5": [0, 3, -2],
            "0.625": [0, 2.5, -2],
            "0.75": [0, 2, -2],
            "0.7917": [0, 0, -2],
            "0.8333": [0, -0.9, -1.6],
            "0.875": [0, -0.47, -1.2],
            "1.0": [0, 0, 0]
          }
        },
        "waist": {
          "rotation": {
            "0.0": [0, 0, -17.5],
            "0.125": [-0.77447, 11.21622, -13.84275],
            "0.25": [0, 17.5, 0],
            "0.375": [0.33044, 8.73563, 13.78953],
            "0.5": [0, 0, 17.5],
            "0.625": [-0.78198, -13.71599, 13.87752],
            "0.75": [0, -17.5, 0],
            "0.875": [0.76128, -3.71689, -13.74145],
            "1.0": [0, 0, -17.5]
          },
          "position": {
            "0.0": [0, 0, 0],
            "0.125": [0, 1, 0],
            "0.25": [0, 0, 0],
            "0.2917": [0, -2, 0],
            "0.5": [0, 0, 0],
            "0.625": [0, 1, 0],
            "0.75": [0, 0, 0],
            "0.7917": [0, -2, 0],
            "1.0": [0, 0, 0]
          }
        },
        "eye_l": {
          "rotation": {
            "0.0": [27.5, 0, 0],
            "0.125": [5, 0, 0],
            "0.25": [0, 0, 0],
            "0.5": [27.5, 0, 0],
            "0.625": [5, 0, 0],
            "0.75": [0, 0, 0],
            "0.8333": [-35, 0, 0],
            "0.9167": [35, 0, 0],
            "1.0": [27.5, 0, 0]
          }
        },
        "eye_r": {
          "rotation": {
            "0.0": [0, 0, 0],
            "0.125": [5, 0, 0],
            "0.25": [0, 0, 0],
            "0.3333": [-35, 0, 0],
            "0.4167": [35, 0, 0],
            "0.5": [27.5, 0, 0],
            "0.625": [5, 0, 0],
            "0.75": [0, 0, 0],
            "1.0": [0, 0, 0]
          }
        },
        "foot_l": {
          "rotation": {
            "0.0": [32.5, 0, 0],
            "0.125": [12.5, 0, 0],
            "0.25": [0, 0, 0],
            "0.2917": [0, 0, 0],
            "0.3333": [37.5, 0, 0],
            "0.4167": [16.25, 0, 0],
            "0.5": [0, 0, 0],
            "0.75": [-10, 0, 0],
            "0.875": [-10, 0, 0],
            "1.0": [32.5, 0, 0]
          }
        },
        "foot_r": {
          "rotation": {
            "0.0": [0, 0, 0],
            "0.25": [-10, 0, 0],
            "0.375": [-10, 0, 0],
            "0.5": [32.5, 0, 0],
            "0.625": [12.5, 0, 0],
            "0.75": [0, 0, 0],
            "0.7917": [0, 0, 0],
            "0.8333": [37.5, 0, 0],
            "0.9167": [16.25, 0, 0],
            "1.0": [0, 0, 0]
          }
        },
        "leap": {
          "rotation": {
            "0.0": [7.5, 22.5, 20],
            "0.125": [8.75, 11.25, 0],
            "0.25": [0, 0, -20],
            "0.3333": [-5, -7.5, -20],
            "0.4167": [10, -15, -20],
            "0.5": [7.5, -22.5, -20],
            "0.625": [8.75, -11.25, 0],
            "0.75": [0, 0, 20],
            "0.8333": [-5, 7.5, 20],
            "0.9167": [10, 15, 20],
            "1.0": [7.5, 22.5, 20]
          }
        },
        "nose": {
          "rotation": {
            "0.0": [10, -27.5, 15],
            "0.125": [18.39599, -21.88507, -10.84573],
            "0.25": [11.79198, -16.27014, -36.69146],
            "0.3333": [-14.63868, -1.68009, -29.46098],
            "0.4167": [15.18066, 12.90995, -22.23049],
            "0.5": [10, 27.5, -15],
            "0.625": [18.39599, 21.88507, 10.84573],
            "0.75": [11.06517, 16.76559, 34.13554],
            "0.8333": [-14.63868, 1.68009, 29.46098],
            "0.9167": [15.18066, -12.90995, 22.23049],
            "1.0": [10, -27.5, 15]
          }
        }
      }
    },
    "animation.melonbp_brp.trictracbarabum.baby.sit": {
      "loop": true,
      "bones": {
        "left_leg": {
          "rotation": [-91.3541, -20.30566, 7.79223],
          "position": [-1.5, -2.2, -3]
        },
        "right_leg": {
          "rotation": [-91.3541, 20.30566, -7.79223],
          "position": [1.5, -2.2, -3]
        },
        "waist": {
          "rotation": [-60, 0, 0],
          "position": [0, -2.4, 0]
        },
        "leap": {
          "rotation": [16, 0, 0]
        },
        "nose": {
          "rotation": [55, 0, 0],
          "position": [0, 0, 0]
        },
        "nose1": {
          "rotation": [10, 0, 0],
          "position": [0, -0.5, 0.4]
        }
      }
    }
  }
}
